id,comment,food,drink,price,staff,service,space,hygiene
0,má»—i láº§n nghÄ© tá»›i trÃ²_chÆ¡i trÃªn bÃ n thÃ¬ sáº½ nghÄ© tá»›i vÃ´_Ä‘Ã¢y Ä‘Æ°á»£c cÃ¡i lÃ  khoÃ¡i mÃ³n cÆ¡m_chiÃªn vá»›i cÃ¡_viÃªn trong Ä‘Ã¢y láº¯m vÃ´ mÃ  khÃ´ng kÃªu chÆ¡i hÃ´ng vui cho anh Ä‘áº§u_báº¿p ngÃ n like áº¡,1,0,0,1,1,0,0
1,trÃ  sá»¯a koi pháº£i nÃ³i lÃ  quÃ¡ ngon xuáº¥t_sáº¯c lun rá»“i hÃ´m_nay mÃ¬nh Ä‘áº·t_hÃ ng qua giao hÃ ng vÃ¬ Ä‘ang cÃ³ chÆ°Æ¡ng_trÃ¬nh khuyáº¿n_mÃ£i thanh_toÃ¡n báº±ng tháº» airpay sáº½ miá»…n phÃ­ phÃ­ váº­n_chuyá»ƒn_váº­y lÃ  nhanh tay Ä‘áº·t_hÃ ng ly nÆ°á»›c uá»‘ng machiato m giÃ¡_cáº£ trÃ  sá»¯a trÃ¢n_chÃ¢u hoÃ ng_kim m giÃ¡_cáº£ peach machiato m giÃ¡_cáº£ tc ly lÃ  giÃ¡_cáº£ nhÃ© giao hÃ ng nhanh nÃ¨ lÃ  cÃ³ ly giao táº¡i nhÃ  lun cháº¯c do nhÃ  mÃ¬nh gáº§n quÃ¡ pháº£i nÃ³i lÃ  ly nÃ o cÅ©ng ngon háº¿t thÃ­ch nháº¥t lá»›p kem cá»§a ly machiato vá»›i trÃ¢n_chÃ¢u cá»§a ly trÃ  sá»¯a ghÃª giÃ¡_cáº£ tÆ°Æ¡ng_Ä‘á»‘i_xá»©ng_Ä‘Ã¡ng vá»›i cháº¥t_lÆ°á»£ng,0,1,1,0,1,0,0
2,báº¡n muá»‘n giáº¿t thá»i_gian báº¡n chÃ¡n nhá»¯ng lÃºc háº¹n_hÃ² vá»›i báº¡n_bÃ¨ mÃ  Ä‘á»©a nÃ o cÅ©ng lo Ã´m Ä‘iá»‡n_thoáº¡i cá»§a riÃªng mÃ¬nh Ä‘áº¿n Ä‘Ã¢y thÃ¬ sáº½ khÃ´ng bao_giá» cÃ³ tÃ¬nh_tráº¡ng Ä‘Ã³ xáº£y ra máº¥y anh nhÃ¢n_viÃªn á»Ÿ Ä‘Ã¢y ráº¥t vui_váº» vÃ  táº­n_tÃ¬nh giÃ¡_cáº£ thÃ¬ cháº¥p_nháº­n Ä‘Æ°á»£c,0,0,1,1,0,0,0
3,quÃ¡n nhiá»u game vÃ´_cÃ¹ng nhÃ¢n_viÃªn nhiá»‡t_tÃ¬nh ná»¯a chÆ¡i game nÃ o lÃ  giáº£i_thÃ­ch rÃµ_rÃ ng game Ä‘Ã³ chÃ¡n khÃ´ng biáº¿t vÃ´ Ä‘Ã¢u cÃ³ chui vÃ´_Ä‘Ã¢y lÃ  sÆ°á»›ng nháº¥t nÆ°á»›c cÃ³ Ä‘á»“ Äƒn cÃ³ láº¡i cÃ³ board game chÆ¡i tuyá»‡t_vá»i,1,1,0,1,1,0,0
4,thá»i_gian lÃ m má»i thá»© bÄƒng qua cuá»™c_Ä‘á»i ngáº¯n_ngá»§i cá»§a chÃºng_ta chá»‰ cÃ³ nhá»¯ng khoáº£ng kháº¯c giá»¯ chÃºng_ta láº¡i táº¡i má»™t vÃ¹ng_trá»i gá»i lÃ  quÃ¡_khá»© táº¡i Ä‘Ã¢y tÃ´i Ä‘Æ°á»£c sá»‘ng trong cáº£m_giÃ¡c á»« Ä‘Ã£ tá»«ng nhÆ° tháº¿ xin cáº£m_Æ¡n vÃ¬ nÆ¡i Ä‘Ã¢y yÃªu cÃ¡c báº¡n,0,0,0,0,0,0,0
5,quÃ¡n cÃ³ cafe máº·n Ä‘áº·c_biá»‡t uá»‘ng cÅ©ng á»•n láº¡ láº¡ quÃ¡n nhá» trang_trÃ­ thoÃ¡ng dá»…_thÆ°Æ¡ng nhÆ°ng nhÆ°á»£c_Ä‘iá»ƒm cháº¯c cÅ©ng á»Ÿ táº§m trung thÃ´i Ä‘áº§u_tÆ° nhÆ°ng khÃ´ng Ä‘á»§ dkien kiá»ƒu váº­y táº¡i mÃ¬nh tháº¥y cá»© lá»¡_cá»¡ thiáº¿u thiáº¿u cgi áº¥y quÃ¡n khÃ´ng cÃ³ Ä‘iá»u_hoÃ  nÃ³ng,0,1,0,0,1,1,0
6,sau hÆ¡n má»™t nÄƒm nhÆ°á»£ng láº¡i cho tea n cofe cuá»‘i_cÃ¹ng chago cÅ©ng trá»Ÿ_láº¡i hehe hÆ°Æ¡ng_vá»‹ váº«n nhÆ° xÆ°a vÃ  cÃ³ thÃªm vÃ i mÃ³n má»›i ná»¯a hÃ´m_nay Ä‘i chá»‰ muá»‘n uá»‘ng trÃ _thiáº¿t quan Ã¢m Ä‘áº­m_Ä‘Ã  cá»§a chago nÄƒm xÆ°a nghe nÃ³i trÃ  tá»• ong cÅ©ng ngon láº¯m cháº¯c ngÃ y_mai ra quáº¥t thÃªm ly cho Ä‘á»¡ thÃ¨m nhÃ¢n_viÃªn quÃ¡n cá»±c_ká»³ dá»…_thÆ°Æ¡ng luÃ´n mÃ¬nh mua Ä‘em vá» mÃ  táº­n_tÃ¬nh dá»… sá»£ cÃ²n chá»§_Ä‘á»™ng dáº¯t xe há»™ ná»¯a máº·c_dÃ¹ cÃ³ báº£o_vá»‡,0,1,0,1,0,0,0
7,láº§n Ä‘áº§u mÃ¬nh uá»‘ng o cha cáº£m_giÃ¡c ráº¥t vá»«a_miá»‡ng mÃ¬nh Ä‘áº·t trÃºng Ä‘á»£t giáº£m_giÃ¡ nÃªn cÃ´ng_ty Ä‘áº·t_hÃ ng Ä‘áº¿n ly cáº£ team Ä‘áº·t nhiá»u loáº¡i khÃ¡c nhau trÃ  sá»¯a o cha trÃ  sá»¯a nÆ°á»›c uá»‘ng trÃ  sá»¯a olong Ä‘áº·c_biá»‡t trÃ  sá»¯a o cha milk foam chese Ä‘Æ°á»£c khen nhiá»u nháº¥t vÃ¬ láº¡_miá»‡ng vá»›i chese cÃ³ vá»‹ máº·n máº·n ngá»t ngá»t bÃ©o bÃ©o uá»‘ng ngon láº¯m team mÃ¬nh sáº½ á»§ng_há»™ dÃ i_dÃ i,0,1,0,0,0,0,0
8,nhÃ  mÃ¬nh Ä‘Æ°á»£c Ä‘Æ°á»£c táº·ng há»™p bÃ¡nh trung_thu nÃ y cÃ¡i há»™p hoÃ nh trÃ¡ng_lá»‡ láº¯m luÃ´n bÃªn ngoÃ i lÃ  giá» xÃ¡ch giáº¥y tiáº¿p_theo lÃ  há»™p giáº¥y má»Ÿ há»™p giáº¥y ra lÃ  há»™p xá»‘p tráº¯ng giá»¯ nhiá»‡t sau Ä‘Ã³ lÃ  há»™p thiáº¿c cháº¯c_cháº¯n cÃ³ in chá»¯_ná»•i rá»“i cuá»‘i_cÃ¹ng lÃ  em bÃ¡nh nhá» xinh vá»›i vá»‹ trÃ¡i_cÃ¢y trong há»™p thiáº¿c thÃ¬ cÃ³ Ä‘Ã¡ gel giÃºp giá»¯ láº¡nh mÃ¬nh chÆ°a Äƒn thá»­ nhÆ°ng nhÃ¬n cÃ¡ch Ä‘Ã³ng_gÃ³i cáº§u_kÃ¬ vÃ  tá»‰_má»‰ thÃ¬ Ä‘Ã£ tháº¥y ngon rá»“i mÃ¬nh nghÄ© trung_thu biáº¿u hay táº·ng bÃ¡nh nÃ y lÃ  khá»i chÃª,1,0,0,0,0,0,0
9,quÃ¡n má»›i má»Ÿ Ä‘c cÃ¡i view máº·t_phá»‘ lÃºc_nÃ o cÅ©ng cÃ²i xe inh_á»i muá»‘n yÃªn_tÄ©nh thi nÃªn vÃ o phÃ²ng mÃ¡y_láº¡nh ngá»“i giÃ¡ nÆ°á»›c táº§m giÃ¡_cáº£ trá»Ÿ xuá»‘ng mÃ¬nh dÃ¹ng Ã©p thÆ¡m vá»‹ á»•n khÃ´ng chua khÃ´ng ngá»t giÃ¡ giÃ¡_cáº£ wifi á»•n pv_bt,0,1,1,1,1,1,0
10,tÃªn quÃ¡n láº¡ tÃªn mÃ³n cÅ©ng láº¡ ban_Ä‘áº§u cáº£ Ä‘Ã¡m báº¡n_Ä‘á»c menu trÃ  sá»¯a chá»‰ biáº¿t cÆ°á»i thÃ´i trÃ  sá»¯a á»•n e khÃ¡c nhau á»Ÿ toping vÃ  tháº¡ch cÃ³ combo bÃ¡nh_gáº¥u brown giÃ¡_cáº£ ná»¯a nÃ³i_chung má»i thá»© ráº¥t phÃ¹_há»£p cho viá»‡c tá»¥_táº­p báº¡n_bÃ¨ Ä‘á»ƒ xe trÆ°á»›c cá»­a quÃ¡n hÆ¡i Ã­t Ä‘Ã´ng thÃ¬ pháº£i qua Ä‘á»‘i_diá»‡n gá»­i xe nhÆ°ng bÃ¹ láº¡i Ä‘Æ°á»£c giáº£m bil nÃªn cÅ©ng á»•n e,1,1,1,0,1,0,0
11,done,0,0,0,0,0,0,0
12,khÃ´ng nhá»› tÃªn mÃ³n nÃ y nhÆ°ng vá»›i mÃ¬nh khÃ¡ ngon khÃ´ng_gian quÃ¡n hÆ¡i nhá» Ä‘i cuá»‘i tuáº§n ráº¥t á»“n giÃ¡_cáº£ há»£p_lÃ½ láº§n trÆ°á»›c Ä‘i mÃ¬nh cÃ³ uá»‘ng trÃ  váº£i machiato khÃ¡ ngon nhÆ°ng nhÃ¢n_viÃªn láº¥y xe khÃ¡ lÃ¢u hÆ¡n phÃºt,0,1,0,1,0,1,0
13,lÃ¢u láº¯m má»›i Ä‘i Ä‘áº¿n quÃ¡n nay Ã´ng anh rá»§ Ä‘i uá»‘ng nÆ°á»›c cÃ¹ng nÃªn kÃªu á»•ng qua quÃ¡n nÃ y bÆ°á»›c vÃ o quÃ¡n cá»±c_ká»³ báº¥t_ngá» luÃ´n táº¥t_cáº£ tá»« trÃªn xuá»‘ng dÆ°á»›i cá»§a quÃ¡n Ä‘á»u tháº¯p náº¿n trÃ´ng cá»±c_ká»³ lÃ£ng_máº¡n luÃ´n Ã¡ mÃ¬nh gá»i ly trÃ  sá»¯a viá»‡t_quá»‘c nhÆ°ng báº¡n phá»¥c_vá»¥ nÃ³i háº¿t rá»“i nÃªn mÃ¬nh thay báº±ng phÃºc_bá»“n tá»­ vÃ  ly Ä‘Ã¡ xÃ¢y Ä‘Ã o theo mÃ¬nh cáº£m_nháº­n thÃ¬ nÆ°á»›c uá»‘ng ngon nha há»£p_kháº©u_vá»‹ mÃ¬nh láº¯m trÃ  sá»¯a thÆ¡m láº¯m luÃ´n Ä‘Ã¡ xay cÅ©ng váº­y mÃ¹i Ä‘Ã o nÃªn thÃ­ch láº¯m luÃ´n áº¥y,0,1,0,1,0,1,0
14,Ä‘i chÆ¡i vá»›i Ä‘á»©a báº¡n cÃ³ dá»‹p ghÃ© qua quÃ¡n nÃ y mÃ¬nh vá»›i nÃ³ nghá»‰_ngÆ¡i tÃ½ mÃ¬nh vÃ  nÃ³ gá»i ly cÃ _phÃª Ä‘Ã¡ Ä‘á»ƒ uá»‘ng theo mÃ¬nh cáº£m_nháº­n thÃ¬ Ä‘á»“ uá»‘ng cá»§a quÃ¡n ráº¥t lÃ  á»•n vá»‹ cÃ _phÃª Ä‘Äƒng_Ä‘áº¯ng vá»«a pháº£i hÃ  nhÆ°ng mÃ¹i cÃ _phÃª thÆ¡m láº¯m kÃ¨m theo tÃ½ ngá»t ngá»t cá»§a Ä‘Æ°á»ng cho vÃ o vá»«a_pháº£i nÃªn cá»±c_ká»³ thÃ­ch luÃ´n Ä‘ang buá»“n_ngá»§ uá»‘ng vÃ o cÃ¡i tá»‰nh háºµn ra luÃ´n Ä‘áº¥y chá»© quÃ¡n cÅ©ng thoÃ¡ng vÃ  rá»™ng_rÃ£i láº¯m luÃ´n nha nhÃ¢n_viÃªn vui_váº» vÃ  cá»±c_ká»³ thÃ¢n_thiá»‡n luÃ´n,0,1,0,1,0,1,0
15,quÃ¡n má»›i lÃ m láº¡i táº§ng quÃ¡ Ä‘áº¹p khÃ´ng_gian yÃªn_tÄ©nh rá»™ng_rÃ£i ráº¥t phÃ¹_há»£p há»™i há»p buá»•i trÆ°a mÃ  ngá»“i há»c bÃ i lÃ  háº¿t_Ã½,0,0,0,0,0,1,0
16,lÃ¢u_lÃ¢u ghÃ© sang nghe_Ä‘Ã¢u má»›i update thÃªm táº§ng láº§u nhÆ°ng váº«n chÆ°a cÃ³ Ä‘iá»u_hoÃ  nÃªn Ä‘Ã nh ngá»“i táº§ng trá»‡t khi Ä‘áº¿n thÃ¬ khÃ¡ch ráº¥t lÃ  Ä‘Ã´ng vÃ  gáº§n nhÆ° kÃ­n bÃ n gá»i mÃ³n nÆ°á»›c uá»‘ng viá»‡t_quáº¥t nÆ°á»›c uá»‘ng Ä‘Ã o vÃ  tiramisu choco Ä‘Ã¡ xay tá»•ng_háº¿t bil gáº§n giÃ¡_cáº£ phá»¥c_vá»¥ Ä‘á»“ uá»‘ng nhanh táº§m phÃºt lÃ  cÃ³ Ä‘á»“ uá»‘ng rá»“i nhÃ¢n_viÃªn ráº¥t lá»‹ch_sá»± nhanh_nháº¹n Ä‘á»“ uá»‘ng dá»«ng á»Ÿ má»©c táº¡m jely trong ly nÆ°á»›c uá»‘ng khÃ¡ nháº¡t_nhoÃ  trong khi vá»‹ cÅ©ng khÃ´ng Ä‘áº·c_sáº¯c láº¯m lá»›p kem ngá»t káº¿t_há»£p vá»›i pháº§n nÆ°á»›c uá»‘ng phÃ­a dÆ°á»›i cháº¯c há»£p_lÃ½ sáº½ quay láº¡i nhÆ°ng khÃ´ng dÃ¹ng nÆ°á»›c uá»‘ng ná»¯a xem thÃªm,0,1,1,1,1,1,0
17,hÃ´m thá»© ba mÃ¬nh chá»‰_Ä‘á»‹nh Ä‘i xem phim trÃªn ráº¡p starlight mua vÃ© xong Ä‘i loanh_quanh tháº¥y quÃ¡n trÃ  nÃ y dÃ´ mua hai ly trÃ  nhÃ i vÃ  trÃ  nháº­t báº£n kem máº·n pháº£i nÃ³i lÃ  ngon quÃ¡ lá»›p kem nhiá»u trÃ  thÆ¡m mÃ¬nh sáº½ á»§ng_há»™ ná»¯a vá»›i láº¡i mÃ¬nh Ä‘Æ°á»£c Ä‘em hai ly trÃ  vÃ o coi phim luÃ´n ráº¥t hay máº¥y ráº¡p khÃ¡c toÃ n uá»‘ng pepsi,0,1,0,0,0,0,0
18,Ä‘Ã¢y lÃ  quÃ¡n cafe mÃ  mÃ¬nh thÃ­ch nháº¥t dn quÃ¡n trang_trÃ­ ráº¥t Ä‘áº¹p ráº¥t thoÃ¡ng láº¡i sang_trá»ng nhÃ¢n_viÃªn phá»¥c_vá»¥ cá»±c_kÃ¬ nhanh máº·c_dÃ¹ quÃ¡n nhá»¯ng ngÃ y Ä‘áº§u ráº¥t Ä‘Ã´ng cÃ³ ráº¥t nhiá»u quÃ¡n cafe kiá»ƒu nÃ y nhÆ°ng Ä‘Ã¢y thá»±c_sá»± lÃ  quÃ¡n cafe lÃ m mÃ¬nh áº¥n_tÆ°á»£ng nháº¥t há»“ cÃ¡ thuá»·_sinh thiá»‡t to ngay giá»¯a quÃ¡n ráº¥t Ä‘áº¹p nhÃ¬n cÃ¡i há»“ cÃ¡ lÃ  biáº¿t quÃ¡n Ä‘áº¹p rá»“i gháº¿ cÃ³ nhÃ¬u cÃ¡i báº±ng xÃ­ch_Ä‘u láº¡ láº¡ dá»…_thÆ°Æ¡ng quÃ¡n Ä‘á»ƒ bÃ n sÃ¡t nhau táº¡o cáº£m_giÃ¡c áº¥m_cÃºng máº·c_dÃ¹ quÃ¡n ráº¥t Ä‘Ã´ng á»“n_Ã o náº¿u lÃ  nhá»¯ng quÃ¡n khÃ¡c thÃ¬ mÃ¬nh ráº¥t gÃ©t sá»± á»“n_Ã o cá»§a fong kin nhÆ°ng quÃ¡n nÃ y thÃ¬ mÃ¬nh láº¡i tháº¥y vui vui_nhá»™n_nhá»‹p,0,0,0,1,0,1,0
19,quÃ¡n cafe nÃ y láº§n Ä‘áº§u_tiÃªn mÃ¬nh vÃ o nhÃ¢n_viÃªn dá»…_thÆ°Æ¡ng nhiá»‡t_tÃ¬nh thÃ¢n_thiá»‡n Ä‘á»“ uá»‘ng ngon nháº¡c ráº¥t hay,0,1,0,1,1,0,0
20,view Ä‘áº¹p Ä‘á»“ uá»‘ng phá»¥c_vá»¥ kÃ©m Ä‘em sai Ä‘á»“ uá»‘ng khÃ¡ch kÃªu cÃ²n ra cÃ£i vá»›i khÃ¡ch mÃ¬nh dá»…_tÃ­nh láº¯m chá»‹ phá»¥c_vá»¥ chá»‰ cáº§n kÃªu thÃ´ng_cáº£m nÃ y_ná» thÃ¬ mÃ¬nh cháº³ng nÃ³i lÃ m gÃ¬ Ä‘áº±ng nÃ y mÃ¬nh Ä‘á»c cho chá»‹ Ä‘Ã³ ghi cÃ²n chá»‰ háº³n vÃ o menu tháº¿_mÃ  ra cÃ£i cÃ²n khÃ´ng Ä‘á»•i Ä‘Ãºng Ä‘á»“ uá»‘ng mÃ¬nh kÃªu mong quÃ¡n tuyá»ƒn ngÆ°á»i cÃ³ chá»n_lá»c,0,1,0,1,0,1,0
21,nhÃ¢n_viÃªn khÃ´ng biáº¿t Ä‘á»c menu mÃ¬nh kÃªu nÆ°á»›c uá»‘ng nÆ°á»›c uá»‘ng nhÆ°ng Ä‘em nÆ°á»›c uá»‘ng late mÃ¬nh bÃ¡o nháº§m nhÆ°ng cÃ¡c báº¡n áº¥y khÃ´ng Ä‘á»•i kÃªu uá»‘ng Ä‘á»¡ Ä‘i vá»‹ thá»©c uá»‘ng khÃ¡ tá»‡ khÃ´ng ai pha nÆ°á»›c uá»‘ng late báº±ng cÃ¡ch bá» vÃ´ bÃ¬nh láº¯c lÃªn cáº£ sáº½ khÃ´ng quay láº¡i,0,1,0,1,0,0,0
22,quÃ¡n cafe nay má»›i má»Ÿ nÃ¨ Ä‘Ã¢y lÃ  quÃ¡n hiáº¿m_hoi cÃ³ khÃ´ng_gian sang_trá»ng má»™t_tÃ­ vÃ  lá»‹ch_sá»­ tháº­t_sá»± tuy_nhiÃªn váº«n chÆ°a tháº­t_sá»± phÃ¢n_loáº¡i Ä‘Æ°á»£c Ä‘á»‘i_tÆ°á»£ng khÃ¡ch_hÃ ng ch láº¯m quÃ¡n cÃ³ khÃ´ng_gian hai táº§ng vÃ  cÃ³ cáº£ khÃ´ng_gian ngoÃ i_trá»i ná»¯a thá»±c_Ä‘Æ¡n cá»§a tháº­t_sá»± Ä‘a_dáº¡ng láº¯m nhÃ¢n_viÃªn phá»¥c_vá»¥ chÆ°a Ä‘Æ°á»£c chuyÃªn_nghiá»‡p láº¯m tuy_nhiÃªn thá»©c uá»‘ng váº«n cháº¥p_nháº­n Ä‘Æ°á»£c giÃ¡ dao_Ä‘á»™ng tá»« Ä‘áº¿n Ä‘Ã¢y khÃ´ng pháº£i lÃ  má»©c giÃ¡ cao mÃ¬nh tháº­t_sá»± thÃ­ch khÃ´ng_gian cá»§a quÃ¡n quÃ¡n má»Ÿ nháº¡c cÅ©ng hay ná»¯a cÃ³ má»™t gÃ³c nhá» Ä‘á»ƒ trung bÃ y bÃ¡n nhá»¯ng cÃ¡i chÃ©n nhá» vÃ  nhá»¯ng cháº­u cÃ¢y nhá» xinh ná»¯a máº¥y báº¡n nhÃ¢n_viÃªn vÃ  cáº£ anh qá»§an lÃ½ cÅ©ng ráº¥t dá»…_thÆ°Æ¡ng Ã  mÃ  quÃ¡n má»Ÿ nháº¡c to hÆ¡n má»™t_tÃ­ ná»¯a thÃ¬ chuáº©n hÆ¡n tháº¥y quÃ¡n cÃ³ bÃ¡n bÃ¡nh ná»¯a nhÆ°ng chÆ°a Ä‘Æ°á»£c Äƒn vÃ i bá»¯a ná»¯a pháº£i quay láº¡i Äƒn thá»­ má»›i Ä‘Æ°á»£c,1,0,1,1,1,1,0
23,lÃ¢u rá»“i má»›i ghÃ© láº¡i quÃ¡n trÃ  sá»¯a váº«n ngon chá»‹ chá»§ quÃ¡n váº«n dá»…_thÆ°Æ¡ng nhiá»‡t_tÃ¬nh nhÆ° ngÃ y nÃ o sáº½ tranh_thá»§ ghÃ© quÃ¡n thÆ°á»ng_xuyÃªn,0,1,0,1,0,0,0
24,mÃ¬nh thÃ­ch nhá»¯ng quÃ¡n cafe cÃ³ Ã¢m_nháº¡c nháº¹_nhÃ ng vÃ  cÃ³_thá»ƒ lÃ m_viá»‡c Ä‘Æ°á»£c em mÃ¬nh dáº«n mÃ¬nh tá»›i Ä‘Ã¢y mÃ¬nh tháº¥y quÃ¡n ráº¥t á»•n khÃ´ng_gian khÃ¡ Ä‘áº¹p cÃ³ táº§ng vÃ  táº§ng lÃ  khÃ´ng cÃ³ mÃ¡y_láº¡nh nÆ°á»›c uá»‘ng á»Ÿ Ä‘Ã¢y thÃ¬ chÆ°a há»£p_kháº©u_vá»‹ cá»§a mÃ¬nh láº¯m nhÃ¢n_viÃªn thÃ¬ hÆ¡i thÆ°a háº§u_nhÆ° chá»‰ á»Ÿ táº§ng,0,1,0,1,1,1,0
25,Ä‘Æ°á»£c con áº»m dáº«n Ä‘áº¿n Ä‘Ã¢y vÃ o buá»•i chiá»u muá»™n quÃ¡n cafe nÃ y mÃ¬nh Ä‘Ã£ tá»«ng vÃ o ráº¥t nhiá»u láº§n tháº­m_chÃ­ lÃ  trÆ°á»›c Ä‘Ã¢y chá»‰ cÃ³ háº¿t chá»— khÃ¡c má»›i vÃ o haha vá»‘n nghÄ© cháº³ng cÃ³ gÃ¬ nhiá»u nhÆ°ng láº§n nÃ y mÃ¬nh khÃ¡ báº¥t_ngá» menu quÃ¡n cÃ³ khÃ¡ nhiá»u mÃ³n má»›i má»›i nháº¥t pháº£i ká»ƒ Ä‘áº¿n lÃ  cafe káº¹o vá»›i nhá»¯ng chiáº¿c káº¹o nhiá»u mÃ u_sáº¯c vá»›i Ä‘á»“ bÃªn dÆ°á»›i há»£p láº¯m nha ngoÃ i ra trÃ  kem sá»¯a á»Ÿ Ä‘Ã¢y cÅ©ng ngon má»—i_tá»™i Ã­t kem t_t mÃ  mÃ¬nh thÃ¬ thÃ­ch nhiá»u chá»© nÃ³i_chung vá»›i giÃ¡ tá»« giÃ¡_cáº£ thÃ¬ Ä‘á»“ á»Ÿ Ä‘Ã¢y khÃ¡ cháº¥t_lÆ°á»£ng mÃ¬nh Æ°ng,0,1,1,0,0,0,0
26,chá»— nÃ y bÃ¡nh_mÃ¬ giÃ¡ sáº½ hÆ¡n nhá»¯ng chá»— khÃ¡c má»™t xÃ­u nhÆ°ng mang Ä‘Æ°á»£c cáº£m_giÃ¡c mÃ³n Äƒn Ä‘Æ°á»£c lÃ m ká»¹ vÃ  táº¡o sá»± chuyÃªn_nghiá»‡p tuy khÃ´ng cÃ³ giáº¥y vÃ  tÄƒm nhÆ°ng vá»›i mÃ¬nh thÃ¬ khÃ´ng Ä‘Ã²i_há»i nhá»¯ng thá»© Ä‘Ã³ tÃºi bÃ¡nh_mÃ¬ khÃ¡ rá»™ng nhÃ¬n sáº¡ch_sáº½ Ä‘áº¹p ná»¯a bÃ¡nh_mÃ¬ thÃ¬ cÃ³ hÆ¡i bÃ© hÃ´m thÃ¬ bá»± hÆ¡n xÃ­u nhÆ°ng nhÃ¢n bÃªn trong khÃ´ng cÃ³ gÃ¬ thay_Ä‘á»•i giÃ¡_thÃ nh cÅ©ng ráº¥t sinh_viÃªn má»™t á»• chá»‰ tá»« giÃ¡_cáº£ cho vá»‹ á»‘p la vÃ  giÃ¡_cáº£ giÃ¡_cáº£ giÃ¡_cáº£ cho pate chÃ  bÃ´ng gÃ  vÃ  thá»‹t nguá»™i chá»— Ä‘á»ƒ xe_hÆ¡i nhá»,0,1,0,0,1,0,0
27,lÃ¢u_lÃ¢u qua quÃ¡n nÃ y Äƒn hoÃ i hÃ  vÃ¬ quÃ¡n khÃ¡ lÃ  gáº§n nhÃ  mÃ¬nh láº¡i cÃ³ Ä‘á»“ Äƒn ngon láº¯m nay mÃ¬nh Ä‘i vá»›i Ä‘á»©a cÃ¹ng phÃ²ng gá»i tÃ´_bÃºn thÃ¡i vÃ  pháº§n xiÃªn que xÃºc_xÃ­ch pháº§n xiÃªn que cÃ¡_viÃªn pháº§n xiÃªn que bÃ²_viÃªn theo mÃ¬nh cáº£m_nháº­n thÃ¬ bÃºn thÃ¡i Äƒn ngon láº¯m Ä‘á»™ chua chua Ã­t hÃ  háº£i_sáº£n tÆ°Æ¡i láº¯m luÃ´n cÃ³ nhiá»u cháº£ ná»¯a nÃªn Äƒn thÃ­ch láº¯m Ä‘á»“ chiÃªn xiÃªn que Äƒn cÅ©ng á»•n láº¯m nha quÃ¡n nÃ y cÅ©ng thoÃ¡ng mÃ¡t láº¯m nhÃ¢n_viÃªn vui_váº» vÃ  thÃ¢n_thiá»‡n láº¯m,0,0,1,0,1,0,
28,láº¡i ghÃ© chá»— quen Ä‘á»‹nh sÃ¡ng sá»›m ghÃ© Ä‘Ã¢y Äƒn thiá»‡t ngon uá»‘ng cafe sá»¯a rá»“i Ä‘i há»c mÃ  xa quáº¡ khÃ´ng ká»‹p giá» khÃ´ng_gian ngá»“i nhÃ¬n thÃº_vá»‹ mÃ  mÃ¬nh toÃ n mua vá» thÃ´i thá»‰nh_thoáº£ng cÅ©ng hay lÃ m nháº§m mÃ³n nhÆ°ng váº«n thÃ´ng_cáº£m cho lÃ m mÃ³n trong gian báº¿p hÆ¡i khuáº¥t so vá»›i máº¥y tá»§ bÃ¡nh_mÃ¬ khÃ¡c nhÆ°ng mÃ  lÃ m ká»¹_cÃ ng nen lÃ¢u xÃ­u cÅ©ng khÃ´ng thÃ nh váº¥n_Ä‘á» Ä‘á»™i_ngÅ© nhÃ¢n_viÃªn giao_tiáº¿p Ä‘Æ°á»£c vá»›i khÃ¡ch nÆ°á»›c_ngoÃ i tá»‘t nÃªn váº«n hay tháº¥y du_khÃ¡ch ghÃ© Ä‘Ã¢y dÃ¹ng bÃ¡nh menu Ä‘a_dáº¡ng nhÆ°ng hÃ¬nh nhÆ°_khÃ´ng cÃ³ cháº£_lá»¥a cháº£_quáº¿,1,1,0,1,0,1,0
29,máº¡ng máº½o á»Ÿ Ä‘Ã¢y cÅ©ng tuá»³ bá»¯a láº¯m nhe nhÆ°ng chung_quy chá»‰ lÆ°á»›t web thÃ¬ cÅ©ng khÃ¡ á»•n hÃ´m_nay mÃ¬nh gá»i cafe sá»¯a uá»‘ng cÅ©ng im láº¯m vÃ¬ cafe Ä‘áº­m nhÃ¢n_viÃªn phá»¥c_vá»¥ mang trÃ  Ä‘Ã¡ ra trÆ°á»›c sau Ä‘Ã³ má»›i mang thá»©c uá»‘ng phá»¥c_vá»¥ chu_Ä‘Ã¡o nhÆ°ng khÃ´ng tháº¥y chÃ¢m trÃ  láº§n giÃ¡ váº«n discount khÃ´ng biáº¿t Ä‘áº¿n bao h má»›i háº¿t nhÆ°ng khÃ´ng_gian phÃ¹_há»£p_thá»©c uá»‘ng cháº¥t_lÆ°á»£ng nÃªn khÃ¡ thÃ­ch xe Ä‘á»ƒ ngoÃ i trÆ°á»›c trÃ´ng_coi nhÆ°ng náº¯ng quÃ¡ cÅ©ng lo cho xe ghÃª táº¡i khÃ´ng tháº¥y váº£i hay gÃ¬ Ä‘á»ƒ che cho xe cá»§a mÃ¬nh cÅ©ng xÃ³t mÃ  toÃ n ghÃ© quÃ¡n tá»« h trÆ°a Ä‘áº¿n h chiá»u,1,1,1,1,1,0,
30,hÃ´m_nay Ä‘Æ°á»£c hÃ´m rÃ£nh rá»—i nÃªn mÃ¬nh rá»§ Ã´ng anh Ä‘i cÃ _phÃª mÃ¬nh vÃ  á»•ng gá»i ly gren tea late vÃ  ly cÃ´ ba tea late theo mÃ¬nh cáº£m_nháº­n thÃ¬ nÆ°á»›c uá»‘ng ngon láº¯m mÃ¹i trÃ  xanh cá»±c_ká»³ thÆ¡m luÃ´n ráº¥t Ä‘Ãºng chuáº©n lÆ°á»£ng Ä‘Æ°á»ng thÃ¬ tuá»³ mÃ¬nh thÃ­ch ngá»t hay nhiá»u mÃ  Ä‘á»• Ä‘Æ°á»ng vÃ o áº¥y chá»© trang_trÃ­ cá»±c Ä‘áº¹p trÃ  sá»¯a cÅ©ng thÆ¡m vÃ  ngon láº¯m nha vá»‹ beo_bÃ©o thÃ­ch láº¯m quÃ¡n rá»™ng_rÃ£i vÃ  thoÃ¡ng láº¯m Ä‘i buá»•i trÆ°a nÃªn quÃ¡n mÃ¬nh tháº¥y hÆ¡i váº¯ng khÃ¡ch nhÃ¢n_viÃªn phá»¥c_vá»¥ thÃ¢n_thiá»‡n vÃ  vui_váº» láº¯m,0,1,0,1,0,1,0
31,quÃ¡n náº±m trong Ä‘Æ°á»ng lÃª_bÃ¬nh náº¿u Ä‘i tá»« hÆ°á»›ng vÃ o thÃ¬ cháº¡y Ä‘áº¿n gáº§n cuá»‘i Ä‘Æ°á»ng nhÃ¬n tay_pháº£i sáº½ gáº·p Ä‘Æ°á»£c quÃ¡n quÃ¡n nhÃ¬n bÃªn ngoÃ i khÃ´ng rá»™ng nhÆ°ng vÃ o trong thÃ¬ khÃ´ng_gian khÃ¡ lÃ  á»•n nháº¥t_lÃ  náº¿u Ä‘i quÃ¡n vÃ o buá»•i trÆ°a thÃ¬ mÃ¡y_láº¡nh má»Ÿ max luÃ´n quÃ¡n cÃ³ kiá»ƒu trang_trÃ­ má»›i_láº¡ Ä‘a_sá»‘ Ä‘Æ°á»£c lÃ m tá»« tre trÃºc nhÆ°ng cÅ©ng khÃ´ng gÃ²_bÃ³ láº¯m khÃ´ng cÃ³ muá»—i ná»¯a quÃ¡n cÃ³ menu nhiá»u mÃ³n cÅ©ng khÃ¡ má»›i mÃ¬nh gá»i nÆ°á»›c Ã©p tÃ¡o theo mÃ¬nh nÆ°á»›c Ã©p tÃ¡o cÃ³ vá»‹ khÃ´ng quÃ¡ ngá»t cÅ©ng khÃ´ng chua láº¯m mÃ  vá»‹ cá»§a tÃ¡o Ä‘Ãºng lÃ  Ä‘Æ°á»£c Ã©p tá»« tÃ¡o ra chá»© khÃ´ng pháº£i lÃ  báº±ng mÃ¹i hÆ°Æ¡ng quÃ¡n cÃ³ wifi á»•n phá»¥c_vá»¥ á»•n vui_váº» cÃ³ láº§n vÃ o quÃ¡n mÃ¬nh cÃ²n Ä‘Æ°á»£c báº¯t_gáº·p chÃº cÃºn cÆ°ng láº¯m hÃ¬nh_nhÆ° tÃªn cá»§a nÃ³ lÃ  haru thÃ¬ pháº£i anh chá»§ cÅ©ng nhiá»‡t_tÃ¬nh thÃ¢n_thiá»‡n láº¯m,0,1,0,1,1,1,0
32,chá»‹_em Ä‘i há»p mÃ  em nháº¯n_tin lÃ  deni liá»n ha bÃ© thÃ­ch deni yÃªn_tÄ©nh láº¯m nha bÃ n gháº¿ tháº¥p tháº¥p_v náº¿u cÃ³ bÃ©_nhá» cÅ©ng yÃªn_tÃ¢m khÃ´ng lo bÃ© tÃ© hÃ´m_nay láº¡i trÆ°a nÃªn kÃªu Ä‘Ä©a cÆ¡m xÃ o háº£i_sáº£n nÃ¨ cÆ¡m_chiÃªn tÆ¡i mÃ _khá»• tÃ¡nh mÃ¬nh thÃ­ch cÆ¡m má»m hÆ¡n nÃ¨ Ä‘á»“ Äƒn thÃ¬ hÆ¡i máº·n xÃ­u nÃ¨ lipton sá»¯a bÃ©o_bÃ©o giÃ¡ cÅ©ng ráº¥t ráº» nhÃ¢n_viÃªn nhiá»‡t_tÃ¬nh vui_váº» chu_Ä‘Ã¡o nha Ä‘á»ƒ xe trong nhÃ  ná»¯a nÃªn an_tÃ¢m hÆ¡n nÃ¨ láº§n sao há»p chá»‹_em láº¡i quÃ¡n ná»¯a quÃ¡,1,1,0,1,0,1,0
33,lÃ¢u rá»“i khÃ´ng ghÃ© quÃ¡n muá»‘n tÃ¬m khÃ´ng_gian yÃªn_áº¯ng Ä‘á»ƒ ngá»“i láº¡i nhá»› vÃ  Ä‘áº¿n quÃ¡n nÃ¨ mÃ¬nh gá»i dá»«a láº¡nh thÃªm táº¯c vÃ  dáº·n nguyÃªn trÃ¡i nha mÃ  Ä‘em ra ly nÆ°á»›c dá»«a táº¯c nÃ¨ nhÃ¢n_viÃªn hÆ¡i nháº§m xÃ­u mÃ  thÃ´i dá»…_thÆ°Æ¡ng nÃªn cho_qua v khÃ´ng_gian trÃªn láº§u dá»… cÆ°ng dá»¯ láº¯m luÃ´n nÃ¨ thÃ­ch Æ¡i lÃ  thÃ­ch luÃ´n nhe náº±m ngá»“i Ä‘á»u cÃ³ chá»— háº¿t Ã¡ mÃ  thÃ­ch cÃ¡i vÃµng ngá»™_ngá»™ kÃ¬a trÃ²n quay Ã  mÃ  Ãªm láº¯m Ãªm luÃ´n Ã¡ tÃ¬m Ä‘Æ°á»£c khu Ä‘áº¹p rá»“i ghÃ© tiáº¿p láº§n sau nÃ¨,0,1,0,1,0,1,0
34,nÆ°á»›c á»Ÿ quÃ¡n cÅ©ng á»•n giÃ¡ láº¡i ráº» khÃ´ng_gian hÆ¡i nhá» mÃ  cÃ¡ch bÃ y trÃ­ cÅ©ng Ä‘Æ°á»£c á»Ÿ Ä‘Æ°á»ng nvc quÃ¡n nhÆ°_váº­y lÃ  ráº¥t á»•n nÃªn sáº½ ghÃ© láº¡i,1,1,0,0,1,0,
35,Ä‘Ã³ giá» khÃ´ng biáº¿t chá»— nÃ y má»›i vá»«a Ä‘Æ°á»£c báº¡n chá»‰ hÃ´m_qua nÃªn sÃ¡ng nay ghÃ© mua Äƒn thá»­ liá»n tiá»‡m bÃ¡nh_mÃ¬ á»Ÿ Ä‘Ã¢y theo dáº¡ng mang Ä‘i nÃªn nhá» gá»n cÆ°ng láº¯m Æ°ng_Ã½ á»Ÿ chá»— nhÃ¬n khÃ´ng_gian khÃ¡ lÃ  sáº¡ch_sáº½ menu cÃ³ nhiá»u mÃ³n nÆ°á»›c vá»›i bÃ¡nh_mÃ¬ bÃ¡nh_mÃ¬ á»• thÆ°á»ng chá»‰ cÃ³ giÃ¡_cáº£ thÃ´i cÃ²n vá»›i bÃ¡nh_mÃ¬ hay bÃ¡nh_mÃ¬ thÃ¬ giÃ¡ cÅ©ng khÃ´ng quÃ¡ cao Ä‘Æ°á»£c cÃ¡i bao_bÃ¬ bÃ¡nh_mÃ¬ cÅ©ng thiáº¿t_káº¿ Ä‘áº¹p ná»¯a nhÃ¬n sang cháº£nh hÆ¡n mÃ¬nh nghe nÃ³i cÃ³ ship luÃ´n nhÆ°ng mua bÃ¡nh_mÃ¬ Äƒn nÃªn mua táº¡i_chá»— chá»© ship láº¡i sá»£ khÃ´ng ngon bÃ¡nh_mÃ¬ thÆ°á»ng thÃ¬ mÃ¬nh tháº¥y pate hÆ¡i ngÃ¡n cháº¯c táº¡i Ä‘á»ƒ nhiá»u quÃ¡ hay sao Ä‘Ã³ bÃ¡nh_mÃ¬ cÅ©ng nÃ³ng nhÆ°ng khÃ´ng giÃ²n nhÃ¢n_viÃªn phá»¥c_vá»¥ Ä‘Æ°á»£c vui_váº» nhiá»‡t_tÃ¬nh,1,1,1,1,1,1,
36,haru cofe cÃ³ khoáº£ng khÃ´ng_gian sÃ¢n vÆ°á»n ráº¥t thoÃ¡ng_Ä‘Ã£ng vÃ  mÃ¡t_máº» dÃ¹ ngoÃ i_trá»i ráº¥t nÃ³ng nhÆ°ng chá»‰ cáº§n ngá»“i táº¡i khoáº£ng sÃ¢n vÆ°á»n vÃ  báº­t quáº¡t thÃ¬ cÅ©ng ráº¥t mÃ¡t rá»“i á»Ÿ khÃ´ng_gian sÃ¢n vÆ°á»n cÃ²n cÃ³ má»™t phÃ²ng kÃ­nh Ä‘iá»u_hoÃ  báº¡n vá»«a cÃ³_thá»ƒ ngá»“i ngáº¯m sÃ¢n vÆ°á»n vá»«a cÃ³_thá»ƒ táº­n_hÆ°á»Ÿng giÃ³ Ä‘iá»u_hoÃ  mÃ¡t láº¡nh ngoÃ i khu sÃ¢n vÆ°á»n quÃ¡n cÃ²n cÃ³ cÃ¡c bÃ n trong nhÃ  ná»¯a nhÃ© cÃ¡c Ä‘á»“ uá»‘ng cá»§a quÃ¡n thÃ¬ kiá»ƒu quen_thuá»™c nhÆ° cafe trÃ  sinh_tá»‘ nÆ°á»›c Ã©p kem ngoÃ i Ä‘á»“ uá»‘ng thÃ¬ quÃ¡n cÃ³ phá»¥c_vá»¥ thÃªm bÃ¡nh_quy á»‘c quáº¿ hÆ°á»›ng_dÆ°Æ¡ng,1,1,0,0,1,1,0
37,thÃ­ch nháº¥t_lÃ  nÆ°á»›c uá»‘ng vÃ  bÃ¡nh cá»§a quÃ¡n p áº¥n_tÆ°á»£ng á»Ÿ cáº£ cÃ¡ch phá»¥c_vá»¥ cá»§a haru ná»¯a ráº¥t táº­n_tÃ¢m chuyÃªn_nghiá»‡p Ä‘Ã¢y lÃ  quÃ¡n cafe mÃ¬nh thÃ­ch nháº¥t á»Ÿ nam Ä‘á»‹nh y,1,1,0,1,0,0,0
38,ngÃ y hÃ¨ nÃ³ng_ná»±c Ä‘áº¿n haru cafe lÃ  quÃªn háº¿t sáº§u lo luÃ´n Ä‘áº·c_biá»‡t trong thá»i_tiáº¿t nÃ y chá»‰ muá»‘n gá»i ly kem tÆ°Æ¡i Ä‘á»ƒ giáº£i_nhiá»‡t hÆ°Æ¡ng_vá»‹ cá»§a kem ráº¥t tuyá»‡t_vá»i cáº£m_giÃ¡c khÃ´ng bá»‹ quÃ¡ ngá»t Äƒn kÃ¨m vá»›i ly trÃ  sá»¯a ahmad ná»¯a thÃ¬ quÃ¡ Ä‘Ã£ luÃ´n cho quÃ¡n Ä‘iá»ƒm luÃ´n nhÃ© nháº¥t_Ä‘á»‹nh sáº½ cÃ²n á»§ng_há»™ haru dÃ i_dÃ i,1,1,0,0,0,0,0
39,tiáº¿p_tá»¥c há»p vÃ  team mÃ¬nh ghiá»n nÆ¡i nÃ y thÃ¬ pháº£i há»p lÃ  láº¡i Ä‘Ã¢y Ã  á»§ng_há»™ a báº¡n vá»›i yÃªn_tÄ©nh luÃ´n nÃªn cá»© há»p lÃ  zest Ã  mÃ¬nh gá»i há»“ng trÃ  nÃ¨ sá»§i bá»t ly chÃ _bÃ¡ nha uá»‘ng thÆ¡m thÆ¡m ngá»t vá»«a nha bÃ n gháº¿ sáº¡ch_sáº½ láº¯m mÃ  máº¥y báº¡n nhÃ¢n_viÃªn nÃªn Ä‘á»ƒ_Ã½ tÃ­ náº¿u Ä‘ang há»p mÃ  Ä‘em nÆ°á»›c vÃ o thÃ¬ há»i_nhá» or nhá»› máº·t Ä‘em lÃªn chá»© cá»© bá»‹ ngáº¯t_quÃ£ng vÃ¬ nhÃ¢n_viÃªn há»i dÃ¹ bÃªn mÃ¬nh Ä‘ang cÃ³ ng phÃ¡t_biá»ƒu nhÆ°ng team mÃ¬nh khÃ´ng Ã½_kiáº¿n chá»‰ lÃ  mÃ¬nh tháº¥y nÃªn kháº¯c_phá»¥c v_Ã ,0,1,0,1,0,1,1
40,trong má»™t láº§n Ä‘i lÃªn kontum chÆ¡i Ä‘Æ°á»£c giá»›i_thiá»‡u quÃ¡n nÃ y Ä‘áº¹p láº¯m vÃ´ má»™t láº§n lÃ  mÃª liá»n mÃ¬nh vÃ  team mÃ¬nh bÃ¨n ghÃ© thá»­ áº¥n_tÆ°á»£ng Ä‘áº§u_tiÃªn lÃ  Ì‰ vá» hai cÃ´ chÃº chá»§ quÃ¡n hai cÃ´ chÃº ráº¥t dá»…_thÆ°Æ¡ng nÃ³i_chuyá»‡n ráº¥t lÃ  hay Ã  mÃ  chÃº lÃ  ngÆ°á»i lÃ m nghá»‡_thuáº­t Ä‘iÃªu_kháº¯c nÃªn quÃ¡n mang hÆ¡i_hÆ°á»›ng tÆ°_tÆ°á»Ÿng vÃ  gu nghá»‡_thuáº­t cá»§a chÃº nÃ³i vá» vá»‹_trÃ­ thÃ¬ á»Ÿ má»™t vá»‹_trÃ­ khÃ¡ dá»… tÃ¬m cá»© Ä‘i Ä‘áº¿n cuá»‘i Ä‘Æ°á»ng phan_chu trinh lÃ  sáº½ gáº·p khÃ´ng_gian quÃ¡n bÃ y trÃ­ ráº¥t Ä‘áº¹p má»™i gÃ³c sáº½ cÃ³ má»™t nÃ©t ráº¥t riÃªng khÃ´ng bá»‹ trÃ¹ng láº­p nÃ o lÃ  nhá»¯ng bá»©c tÆ°á»£ng trÃ´ng vÃ´_cÃ¹ng sá»‘ng_Ä‘á»™ng má»—i tÆ°á»£ng má»™t mÃ u má»™t_váº» nhÆ°ng theo mÃ¬nh tháº¥y thÃ¬ tÆ°á»£ng á»Ÿ Ä‘Ã¢y Ä‘a_sá»‘ mang mÃ u_sáº¯c tÆ°Æ¡i_vui trong vÆ°á»n hoa cá»§a chÃº thÃ¬ Ä‘á»§ mÃ u Ä‘á»§ loáº¡i káº¿t_há»£p vá»›i nhá»¯ng trá»¥ Ä‘Ã¨n lÃ m tá»« nhiá»u váº­t_liá»‡u khÃ¡ nhau cÃ²n cÃ³ nhá»¯ng bÃ i thÆ¡ ráº¥t riÃªng giÃ u cáº£m_xÃºc vá» cÃ¡c mÃ³n thÃ¬ Ä‘a_dáº¡ng vÃ  Ä‘áº·c_biá»‡t lÃ  giÃ¡ ráº¥t má»m mÃ¬nh Ä‘i cÃ³ chá»¥p báº±ng camera hÃ nh_trÃ¬nh nÃªn nhÃ¬u bá»©c khÃ´ng Ä‘Æ°á»£c Ä‘áº¹p láº¯m hehe,0,0,1,1,0,1,0
41,tá»‘i t_quÃ¡n ráº¥t Ä‘Ã´ng vui rÃ´m_ráº£ tiáº¿ng cÆ°á»i nÃ³i ráº¥t thÃ­ch khÃ´ng_khÃ­ cá»§a quÃ¡n â€¢ mÃ¬ Ã½ sá»‘t_kem ráº¥t vá»«a_miá»‡ng nhÆ°ng sá»‘t kem hÆ¡i Ä‘áº·c quÃ¡ mÃ¬nh thÃ¬ thÃ­ch sá»‘t lá»ng hÆ¡n má»™t_chÃºt Äƒn ngon hÆ¡n â€¢ salad rÆ°á»›i sá»‘t chua chua_ngá»t ngá»t ráº¥t dá»… Äƒn ai thÃ­ch mÃ³n salad thÃ¬ cá»© triá»ƒn â€¢ piza ráº» mÃ¬nh cá»© nghÄ© nhá» láº¯m ai_ngá» bÆ°ng ra size to_cÆ¡ chá»© mÃ _nhÃ¢n vÃ  cáº£ Ä‘áº¿ khÃ´ng thua_kÃ©m gÃ¬ piza giang nhÃ© mÃ¬nh khÃ´ng_thá»ƒ phÃ¢n_biá»‡t Ä‘Æ°á»£c luÃ´n Ã­ nháº¥t_Ä‘á»‹nh pháº£i ord â€¢ trÃ  Ä‘Ã o giÃ¡ cáº£ ngá»t_lá»‹m hÃ  cÃ¡c Ä‘á»“ uá»‘ng khÃ¡c trÃªn bÃ n Ä‘á»u lÃ  ly to vÃ  ngon háº¿t hai chá»‹ nhÃ¢n_viÃªn ráº¥t nhanh_nháº¹n vÃ  lá»‹ch_sá»± nÃ´m nÃ´m Ä‘Ã£ cho mÃ¬nh má»™t bá»¯a tiá»‡c khÃ´ng cÃ³ gÃ¬ Ä‘á»ƒ chÃª ráº¥t hÃ i_lÃ²ng,1,1,1,1,0,1,0
42,mÃ¬nh ghÃ© nÃ´m nÃ´m vÃ o thá»i_Ä‘iá»ƒm quÃ¡n khÃ¡ Ä‘Ã´ng bÃªn trong quÃ¡n khÃ´ng cÃ²n chá»• nÃªn mÃ¬nh ngá»“i á»Ÿ ngoÃ i vÃ¬ cÃ³ nhiá»u cÃ¢y nÃªn muá»—i Ä‘á»‘t nhiá»u láº¯m luÃ´n mÃ¬nh gá»i trÃ  Ä‘Ã o dÃ¢u chÃ¨_háº¡t sen tÆ°Æ¡i háº¡t Ä‘Ã¡t bÃ¡nh_opera nÆ°á»›c uá»‘ng vÃ  bÃ¡nh tiramisu bÃ¡nh tiramisu khÃ¡ ngon vÃ  láº¡_miá»‡ng vá»«a Äƒn bÃ¡nh_opera nÆ°á»›c uá»‘ng thÃ¬ Ä‘áº­m cháº¥t trÃ  xanh luÃ´n chÃ¨_háº¡t sen háº¡t Ä‘Ã¡t vÃ  trÃ  Ä‘Ã o thÃ¬ bá»‹ ngá»t mÃ¬nh pháº£i xin thÃªm Ä‘Ã¡ Ä‘á»ƒ dá»… Äƒn hÆ¡n háº¡t Ä‘Ã¡t hÆ¡i cá»©ng Ä‘á»‘i_vá»›i ngÆ°á»i dá»…_tÃ­nh nhÆ° mÃ¬nh váº­y lÃ  á»•n rá»“i mÃ¬nh khÃ¡ thÃ­t ly nÆ°á»›c_lá»c á»Ÿ Ä‘Ã¢y nhÃ¬n ráº¥t vui_máº¯t,1,1,0,0,0,0,0
43,quÃ¡n Ä‘Æ°pj cá»±c_ká»³ thÃ­ch nháº¥t táº§ng thÆ°á»£ng Ä‘á»“ uá»‘ng cÅ©ng Ä‘Æ°á»£c Ä‘áº¿n Ä‘Ã¢y thÃ¬ m cuÃ´ng cháº¯c lÃ  ngÃ n cÃ¡i áº£nh,0,1,0,0,0,1,0
44,nÆ°á»›c á»•n giÃ¡_cáº£ pháº£i_chÄƒng design khÃ¡ Ä‘áº¹p_máº·t_tiá»n Ä‘áº¹p luÃ´n á»•n Ä‘Ã³ má»i ngÆ°á»i,0,1,1,0,0,1,0
45,quÃ¡n cofe Ä‘áº¹p nhiá»u gÃ³c chá»¥p Ä‘áº¹p bÃ y trÃ­ khÃ´ng_gian hÆ¡i ngá»™p vÃ  tá»‘i nhÆ°ng lá»‘i trang_trÃ­ lÃ m ng Ä‘áº¿n thÃ­ch mÃª ngay tá»« láº§n Ä‘áº§u_tiÃªn Ä‘á»“ uá»‘ng khÃ¡ khÃ´ng quÃ¡ ngon cÅ©ng khÃ´ng Ä‘áº¿n má»©c dá»Ÿ_nháº¡c thÃ¬ thÆ°á»ng má»Ÿ nháº¡c nc ngoÃ i nháº¡c cÅ© cÅ© cá»§a nhá»¯ng tháº­p_niÃªn trÆ°á»›c ak nháº¡c hay khÃ´ng xÃ´_bá»“_nháº¡c chá»£ trÃªn má»—i bÃ n Ä‘á»u cÃ³ nÃºt cal Ä‘á»ƒ gá»i nhÃ¢n_viÃªn nÃºt nÃ y xÃ i cáº£m_á»©ng nhÃ© quÃ¡n cÃ³ táº§ng trá»‡t lÃ  Ä‘á»ƒ xe táº§ng ngá»“i mÃ¡t_máº» mÃ¡y_láº¡nh cháº¡y tá»‘t thÆ°á»ng khÃ¡ch hay ngá»“i á»Ÿ dÆ°á»›i hÆ¡n táº§ng khÃ´ng_gian nhÃ¬n thÃ­ch hÆ¡n thoáº£i_mÃ¡i hÆ¡n vÃ¬ cÃ³ Ã­t nhÃ¢n_viÃªn vÃ  Ã­t khÃ¡ch lÃªn chá»‰ cÃ³_Ä‘iá»u lÃ  khÃ´ng cÃ³ mÃ¡y_láº¡nh hay mÃ¡y_láº¡nh yáº¿u hoáº·c hÆ° nÃªn nÃ³ng vÃ  háº§m láº¯m ngá»“i rÃ¡ng tÃ­ xem cÃ³ mÃ¡t hÆ¡n khÃ´ng nhÆ°ng hoÃ n_toÃ n vÃ´_vá»ng giÃ¡_cáº£ khÃ´ng máº¯c mÃ¬nh cáº£m_tháº¥y giÃ¡ cÅ©ng trung_bÃ¬nh vÃ  há»£p_lÃ½ xem thÃªm,0,1,1,1,1,1,0
46,trÃªn Ä‘Æ°á»ng Ä‘i mÃ¬nh tÃ¬nh_cá» tháº¥y quÃ¡n nÃ y áº¥n_tÆ°á»£ng vÃ¬ quÃ¡n cÃ³ cá»­a_kÃ­nh panorama view xuá»‘ng tráº¡i mÃ¡t siÃªu Ä‘áº¹p nhÃ¢n_viÃªn ráº¥t thÃ¢n_thiá»‡n lá»…_phÃ©p mÃ  giÃ¡ Ä‘á»“ uá»‘ng thÃ¬ ráº» ná»¯a ngoÃ i ra quÃ¡n cÃ³ cÃ¡i mÃ¡y Ä‘Ã¡nh chá»¯ cá»• ráº¥t hay nhÃ¢n_viÃªn sáº½ Ä‘Æ°a giáº¥y tráº¯ng cho báº¡n gÃµ thoáº£i_mÃ¡i láº§n sau cÃ³ dá»‹p lÃªn Ä‘Ã  láº¡t nháº¥t_Ä‘á»‹nh quay láº¡i quÃ¡n,0,1,1,1,0,0,0
47,Ä‘Ã£ quay láº¡i vÃ  cáº£m_tháº¥y váº«n tuyá»‡t_vá»i nhÆ° láº§n Ä‘áº§u Ä‘á»“ uá»‘ng siÃªu ngon anh_chá»‹ phá»¥c_vá»¥ siÃªu dá»…_thÆ°Æ¡ng view siÃªu Ä‘áº¹p,0,1,0,1,0,1,0
48,chá»‹ phá»¥c_vá»¥ dá»…_thÆ°Æ¡ng Ä‘áº·t_hÃ ng nhanh Ä‘á»“ uá»‘ng ngon price view á»•n má»›i_Ä‘áº§u Ä‘i ngang qua tháº¥y ráº¥t nhiá»u xe trÆ°á»›c quÃ¡n nhÆ°ng khi vÃ´ thÃ¬ láº¡i khÃ´ng cÃ³ ai cáº£ hoÃ¡ ra quÃ¡n cÃ³ táº§ng Ä‘Ã¢y lÃ  lÃ½_do Ä‘á»ƒ ghÃ© láº¡i,0,1,1,1,0,1,0
49,cáº£m_Æ¡n memory Ä‘Ã£ Ä‘á»“ng_hÃ nh cÃ¹ng_noi com tá»•_chá»©c gala ná»‘i thÃ nh_cÃ´ng anh_em ná»‘i sÃ i_gÃ²n sáº½ sá»›m trá»Ÿ_láº¡i Ä‘Ã¢y phá»¥c_vá»¥ chu_Ä‘Ã¡o nhiá»‡t_tÃ¬nh Ä‘á»“ Äƒn ngon vá»‡_sinh sáº¡ch_sáº½,1,0,0,1,0,0,1
50,mÃ¬nh lÃªn Ä‘Ã  láº¡t chÆ¡i vÃ  tÃ¬nh_cÆ¡ search ra quÃ¡n Ä‘áº¿n thÃ¬ thÃ­ch ngay tá»« cÃ¡i nhÃ¬n Ä‘áº§u_tiÃªn luÃ´n bÃ¡nh nÆ°á»›c nÃ³i tháº­t thÃ¬ ráº¥t ngon vÃ  cháº¥t_lÆ°á»£ng quÃ¡n trang_trÃ­ nhÃ¬n áº¥m_cÃºng thoáº£i_mÃ¡i láº¯m nÃ³i chung thÃ­ch cá»±c_kÃ¬,1,0,0,0,0,1,0
51,quÃ¡n náº±m gáº§n chá»£ Ä‘Ã _láº¡t táº§ng trÃªn cÃ³ khÃ¡ch_sáº¡n giÃ¡ cÅ©ng ráº» ná»¯a so vá»›i vá»‹_trÃ­ nhÆ°_váº­y thÃ¬ quÃ¡ á»•n cho má»™t chuyáº¿n Ä‘i náº¿u báº¡n muá»‘n tiáº¿t_kiá»‡m quÃ¡n cafe náº±m á»Ÿ táº§ng dÆ°á»›i quÃ¡n nhá» nhÆ°ng menu Ä‘áº§y_Ä‘á»§ nÆ°á»›c uá»‘ng cafe Ã½ soda luÃ´n nha cafe ngon Ä‘áº­m mÃ¹i cafe láº¯m luÃ´n giÃ¡ cÅ©ng ráº» ná»¯a,0,1,1,0,0,0,0
52,chá»— nÃ y khÃ´ng_gian kiá»ƒu rá»™ng_rÃ£i sÃ¡ng_sá»§a mÃ  lá»‹ch_sá»± láº¯m nhÃ© nhÃ¢n_viÃªn phá»¥c_vá»¥ cÅ©ng thÃ¢n_thiá»‡n nhiá»‡t_tÃ¬nh kiá»ƒu cÃ³_thá»ƒ há»p_máº·t gia_Ä‘Ã¬nh tá»¥_táº­p báº¡n_bÃ¨ háº¹n_hÃ² lÃ£ng_máº¡n Ä‘á»u á»•n bá»¯a mÃ¬nh Ä‘i lÃ  kiá»ƒu há»p_máº·t há»™i báº¡n cÅ© thÃ´i tháº¥y phá»¥c_vá»¥ dá»…_thÆ°Æ¡ng mÃ³n Äƒn cÅ©ng á»•n láº¯m nhÃ© nÃªm náº¿m_Ä‘a_pháº§n lÃ  vá»«a_miá»‡ng giÃ¡_cáº£ khÃ´ng quÃ¡ máº¯c phÃ¹_há»£p hoÃ n_toÃ n vá»›i cháº¥t_lÆ°á»£ng mÃ³n Äƒn cÅ©ng nhÆ° cháº¥t_lÆ°á»£ng phá»¥c_vá»¥ d,1,0,1,1,0,1,0
53,quÃ¡n náº±m giá»¯a karaoke suka vÃ  karaoker hoÃ ng quÃ¡n khÃ´ng quÃ¡ to Ä‘Æ°á»£c bÃ y trÃ­ cÅ©ng ráº¥t lá»‹ch_sá»± vá»«a_pháº£i nhÆ°ng khÃ´ng cÃ³ gÃ¬ Ä‘áº·c_sáº¯c quÃ¡n má»›i khai_trÆ°Æ¡ng tá»« thÃ¡ng thÃ´i nÃªn nhÃ¢n_viÃªn á»Ÿ Ä‘Ã¢y cÅ©ng nhiá»‡t_tÃ¬nh giá»›i_thiá»‡u cÃ¡c mÃ³n Ä‘áº·c_trÆ°ng cá»§a quÃ¡n nghe báº£o á»Ÿ Ä‘Ã¢y cÃ³ cáº£ má»³ cay vÃ  láº«u ly chá»‰ tá»« giÃ¡_cáº£ thÃ´i mÃ _láº¡i Ä‘Æ°á»£c mua trÃ  Ä‘Ã o trÃ  sá»¯a vá»›i giÃ¡ chá»‰ giÃ¡_cáº£ cÃ¡c mÃ³n khÃ¡c á»Ÿ Ä‘Ã¢y giÃ¡ cÅ©ng khÃ¡ bÃ¬nh_dÃ¢n chá»‰ tá»« giÃ¡_cáº£ trá»Ÿ Ä‘i thÃ´i ban_ngÃ y cÃ²n cÃ³ cáº£ chuá»‘i nÆ°á»›ng ná»¯a thá»©c_Äƒn vÃ  thá»©c uá»‘ng khÃ´ng quÃ¡ Ä‘áº·c_sáº¯c nhÆ°ng bÃ¹ láº¡i giÃ¡ ráº¥t bÃ¬nh_dÃ¢n phÃ¹_há»£p cho há»c_sinh sinh_viÃªn,1,1,1,1,0,1,0
54,Ä‘á»“ uá»‘ng ngon view Ä‘áº¹p báº¡n nÃ o thÃ­ch chá»¥p hÃ¬nh sá»‘ng áº£o thÃ¬ quÃ¡n nÃ y cá»±c_kÃ¬ phÃ¹_há»£p luÃ´n,0,1,0,0,0,1,0
55,thá»© vá»«a_rá»“i Ä‘i chung vá»›i máº¥y Ä‘á»©a báº¡n quÃ¡n khÃ¡ Ä‘Ã´ng nhÆ°ng Ä‘áº·t_hÃ ng ra mÃ³n cÅ©ng nhanh nhÃ¢n_viÃªn lá»‹ch_sá»± lá»…_phÃ©p nÆ°á»›c uá»‘ng uá»‘ng khÃ¡ ngon thÆ¡m vÃ  Ä‘áº­m vá»‹ cÃ¡_nhÃ¢n mÃ¬nh chÆ°a thá»­ máº¥y mÃ³n khÃ¡c báº¡n mÃ¬nh gá»i chocobana vÃ  soda viá»‡t quáº¥t vá»‹ cÅ©ng khÃ¡ ngon giÃ¡ má»m hÆ¡n nhá»¯ng quÃ¡n khÃ¡c khÃ´ng_gian quÃ¡n dá»…_thÆ°Æ¡ng Ã¢m_nháº¡c dá»…_chá»‹u sáº½ quay láº¡i Ä‘Ã¢y dÃ i_dÃ i d,0,1,1,1,1,1,0
56,thÃ­ch cÃ¡i mÃ³n dÃ¢u tÆ°Æ¡i sá»¯a_chua á»Ÿ quÃ¡n láº§n nÃ o tá»›i cÅ©ng uá»‘ng Ä‘Ãºng mÃ³n Ä‘Ã³ láº§n nÃ y tá»›i kÃªu nhÃ¢n_viÃªn mÃ³n Ä‘Ã³ nhÆ°ng khÃ´ng hiá»ƒu sao cÃ¡i ly láº¡i toÃ n sá»¯a Ä‘áº·c vá»›i dÃ¢u cáº¯t lÃ¡t khÃ´ng tháº¥y miáº¿ng sá»¯a_chua nÃ o háº¿t Ä‘Ã£ váº­y nhÃ¢n_viÃªn cÃ²n khÃ´ng nhiá»‡t_tÃ¬nh kiá»ƒu cÃ³ khÃ¡ch cÅ©ng Ä‘Æ°á»£c khÃ´ng cÃ³ cÅ©ng cháº³ng sao láº§n trÆ°á»›c tá»›i cÃ³_nhÃ¢n_viÃªn dáº¯t xe cho khÃ¡ch láº§n nÃ y tá»›i khÃ¡ch tá»± Ä‘á»ƒ xe nhÃ¢n_viÃªn ngá»“i Ä‘Ã³ chá»‰ chá» pháº£i dáº¯t xe sÃ¡t vÃ´ nhau tháº¥t_vá»ng,0,1,0,1,1,0,0
57,nhÃ¢n_viÃªn nhiá»‡t_tÃ¬nh vui_váº» khÃ´ng_gian yÃªn tá»‰nh nháº¡c_nháº¹_nhÃ ng lÃ  nÆ¡i thÃ­ch_há»£p Ä‘á»ƒ lÃ m_viá»‡c giÃ¡_cáº£ cÅ©ng á»•n,0,0,1,1,1,1,0
58,má»i láº§n Ä‘i mÃ¬nh toÃ n ngá»“i ngoÃ i chÆ°a vÃ o trong uá»‘ng thá»­ bao_giá» nhÆ°ng cáº£m_tháº¥y á»Ÿ ngoÃ i ngá»“i ráº¥t thoÃ¡ng mÃ¡t vÃ  khÃ´ng_gian cÅ©ng á»•n nhÃ¢n_viÃªn phá»¥c_vá»¥ ráº¥t nhiá»‡t_tÃ¬nh mÃ¬nh ghÃ© vÃ i láº§n vÃ  chá»‰ uá»‘ng nÆ°á»›c uá»‘ng vÃ  cáº£m_tháº¥y khÃ´ng ngon láº¯m chá»‰ á»Ÿ má»©t má»™t Ä‘iá»ƒm ná»­a lÃ  chá»— gá»­i xe xa quÃ¡,0,1,0,1,1,1,0
59,   ,0,0,0,0,0,0,0
60,review má»™t_chÃºt vá» bÃ¡nh cá»§a highlands bÃ¡nh á»Ÿ highlands cÅ©ng cÃ³ nhiá»u loáº¡i Ä‘á»ƒ lá»±a_chá»n mÃ¬nh thÃ¬ háº§u_nhÆ° Ä‘Ã£ thá»­ qua háº¿t vÃ  nháº­n tháº¥y lÃ  nÃ³ khÃ´ng ngon nhÆ°ng mÃ  hÃ´m_nay Äƒn pháº£i cÃ¡i bÃ¡nh khÃ´ng nuá»‘t ná»•i vá»‹ ráº¥t khÃ³ Äƒn Ä‘Ã³ lÃ  kiá»ƒu cokie mÃ u nÃ¢u cÃ³ háº¡nh_nhÃ¢n á»Ÿ trÃªn ban_Ä‘áº§u mÃ¬nh nghÄ© lÃ  vá»‹ socola nhÆ°ng hoÃ¡_ra lÃ  vá»‹ quáº¿ hay nghá»‡_j Ä‘Ã³ mÃ¬nh Ä‘oÃ¡n lÃ  trong cÃ¡i Ä‘Ã³ ráº¥t khÃ³ Äƒn mÃ¬nh láº¥y loáº¡i cokie nhÆ°ng chá»‰ Äƒn cÃ¡i cÃ²n cÃ¡i kia bá» cÃ¡c báº¡n khÃ´ng nÃªn mua nhÃ©,1,0,0,0,0,0,0
61,chuá»—i cá»­a_hÃ ng cÃ _phÃª mang Ä‘i xinh_xáº»o vá»«a_má»›i khai_trÆ°Æ¡ng cÆ¡_sá»Ÿ má»›i to hÆ¡n hoÃ nh_trÃ¡ng hÆ¡n á»Ÿ tráº§n_phÃº_kÃ¬a Ä‘á»“ uá»‘ng Ä‘a_dáº¡ng cá»±c_kÃ¬ mÃ  khÃ´ng_gian rá»™ng_rÃ£i hÆ¡n cÆ¡_sá»Ÿ cÅ© táº­n ba táº§ng láº§u cho tá»¥i mÃ¬nh Äƒn_chÆ¡i nháº£y_mÃºa Ä‘Ã³,0,1,0,0,0,1,0
62,má»™t khÃ´ng_gian má»›i cá»±c hay_ho cho cÃ¡c tÃ­n_Ä‘á»“ mÃª retro Ä‘áº¥y phong_cÃ¡ch thá»i bao_cáº¥p cÅ©_ká»¹ khiáº¿n ta nhÆ° trá»Ÿ_láº¡i nhá»¯ng nÄƒm_thÃ¡ng xÆ°a há»“i Ä‘áº¥t_nÆ°á»›c cÃ²n chÆ°a giáº£i_phÃ³ng quÃ¡n yÃªn bÃ¬nh mÃ  má»›i_máº» nháº¹_nhÃ ng vá»›i tÃ¡ch phin Ä‘en tráº§m_láº·ng ngá»“i ká»ƒ nhau nghe bao chuyá»‡n vui buá»“n tá»‘i tá»‘i Ä‘áº¿n láº¡i cÃ²n cÃ³ karaoke lÃªn tá»± hÃ¡t cho nhau nghe khÃ´ng_gian giáº£n_dá»‹ má»™c_máº¡c khiáº¿n ta tháº¥y gáº§n_gÅ©i vÃ  yÃªn bÃ¬nh á»Ÿ quÃ¡n cÃ³ cÃ¡i pháº£n_dÃ i náº±m trÃªn Ä‘Ã³ nhá»¯ng hÃ´m mÃ¡t trá»i thÃ¬ phÃª lÃ²i giÃ¡_cáº£ cÅ©ng cá»±c_ká»³ bÃ¬nh_dÃ¢n cÃ¡i áº¥n_tÆ°á»£ng lÃ  sá»± máº¿n khÃ¡ch cá»§a anh chá»§ quÃ¡n vÃ  nhá»¯ng gÃ¬ tÃ¢m_huyáº¿t anh gá»­i láº¡i trong quÃ¡n cafe cá»§a mÃ¬nh nÃºp trong con ngÃµ nhá»,0,0,1,1,1,1,0
63,quÃ¡n khÃ´ng quÃ¡ rá»™ng nhÆ°ng thoÃ¡ng mÃ¡t khÃ´ng_gian áº¥m_cÃºng trÆ°ng_bÃ y dá»… nhÃ¬n thá»©c uá»‘ng khÃ¡ Ä‘a_dáº¡ng cháº¥t_lÆ°á»£ng á»•n há»£p vá»›i gia_Ä‘Ã¬nh nhÃ³m báº¡n_bÃ¨ hÆ¡i tiáº¿c má»™t_tÃ­ lÃ  khÃ´ng cÃ³ chá»— Ä‘áº­u Ã´tÃ´ sÃ¡t quÃ¡n pháº£i Ä‘áº­u cÃ¡ch Ä‘Ã³ m khÃ´ng cÃ³ ngÆ°á»i trÃ´ng xe nhÆ°ng nhÃ¬n chung quÃ¡n á»•n mÃ¬nh sáº½ quay láº¡i khi cÃ³ dá»‹p ghÃ© sÃ³c trÄƒng láº§n ná»¯a,0,1,0,0,1,1,0
64,nhÃ³m mÃ¬nh ngÆ°á»i nÃªn thá»­ Ä‘Æ°á»£c khÃ¡ nhiá»u mÃ³n nÆ°á»›c á»Ÿ Ä‘Ã¢y uá»‘ng cÅ©ng khÃ¡ vÃ  giÃ¡_cáº£ trung_bÃ¬nh lÃ  giÃ¡_cáº£ cho má»™t ly nÆ°á»›c bÃ¡nh honey toast cá»§a há» ráº¥t ngon cÃ²n tiramisu thÃ¬ giá»‘ng nhÆ° lÃ  káº¿t_há»£p cá»§a bÃ¡nh bÃ¡nh vá»›i cÃ _phÃª vÃ  chocolate quÃ¡n khÃ¡ thoÃ¡ng vÃ  Ä‘áº¹p cÃ³_Ä‘iá»u chá» hÆ¡i lÃ¢u tÃ­ gáº§n cho táº¥t_cáº£ cÃ¡c mÃ³n hÃ¬nh dÆ°á»›i lÃ  ly nÆ°á»›c cá»§a mÃ¬nh uá»‘ng khÃ¡,1,1,1,0,0,1,0
65,quÃ¡n má»›i chuyá»ƒn Ä‘á»‹a_Ä‘iá»ƒm cÃ³ khÃ´ng_gian rá»™ng hÆ¡n mÃ¬nh Ä‘áº¿n Ä‘Ãºng hÃ´m khai_trÆ°Æ¡ng nÃªn quÃ¡n ráº¥t Ä‘Ã´ng khÃ¡ch nhÆ°ng nhÃ¢n_viÃªn pha Ä‘á»“ ráº¥t nhanh khÃ´ng pháº£i Ä‘á»£i lÃ¢u Ä‘Ã¢u vá» cháº¥t_lÆ°á»£ng Ä‘á»“ uá»‘ng efoc pha ráº¥t ngon mÃ¬nh thÃ­ch nháº¥t lÃ  late hazelnut vÃ  trÃ  Ä‘Ã o miáº¿ng Ä‘Ã o á»Ÿ Ä‘Ã¢y to láº¯m luÃ´n cáº¯n muá»‘n Ä‘Ã£ miá»‡ng luÃ´n,0,1,0,1,0,1,0
66,hj máº·c_dÃ¹ Ä‘i uá»‘ng lÃ¢u rá»“i nhg váº«n sáº½ Ä‘Ã¡nh_giÃ¡ vá» quÃ¡n tá»« viá»‡c gá»­i xe cÅ©ng tháº¥y bÃ¡c báº£o_vá»‡ ráº¥t Ä‘Ã¡ng máº¿n nhiá»‡t_tÃ¬nh chá»‰nh xe giÃºp mÃ¬nh chá»‹ nhÃ¢n_viÃªn khÃ¡ niá»m_ná»Ÿ nháº¹_nhÃ ng Ä‘á»“ uá»‘ng vÃ  bÃ¡nh cÅ©ng ngon chá»‰ lÃ  cÃ³ váº» nhiá»u kem nÃªn hÆ¡i ngÃ¡n khÃ´ng_gian cÅ©ng khÃ¡ thoÃ¡ng mÃ¡t lÃºc vá» b mÃ¬nh cÃ³ cháº³ng may lÃ m rÆ¡i vá»¡ cá»‘c nhg chá»‹ nhÃ¢n_viÃªn nhanh_chÃ³ng láº¥y xáº»ng vÃ  chá»•i Ä‘á»ƒ lau dá»n ngay khÃ´ng trÃ¡ch_máº¯ng j b mÃ¬nh cÅ©ng khÃ´ng báº¯t_Ä‘á»n j mÃ  chá»‰ nháº¹_nhÃ ng báº£o b mÃ¬nh cá»© Ä‘á»ƒ yÃªn chá»‹ áº¥y sáº½ dá»n nÃ³i_chung lÃ  sáº½ á»§ng_há»™ quÃ¡n nhiá»u,0,1,0,1,1,1,0
67,gá»­i xe á»Ÿ bÃªn cáº¡nh khÃ´ng_gian siÃªu siÃªu Ä‘áº¹p vÃ  nhÃ¢n_viÃªn cÅ©ng ráº¥t thÃ¢n_thiá»‡n Ä‘á»“ uá»‘ng tuy khÃ´ng báº¯t_máº¯t nhÆ°ng khÃ¡ ngon giÃ¡_cáº£ vá»«a_pháº£i,0,1,1,1,1,1,0
68,quÃ¡n cafe náº±m ngay trung_tÃ¢m thÃ nh_phá»‘ nhÃ¬n bÃªn ngoÃ i nhá»_xÃ­u váº­y mÃ  lÃªn táº§ng view chÃ­nh cá»§a quÃ¡n rá»™ng_rÃ£i mÃ  Ä‘áº¹p láº¯m nhÃ© quÃ¡n tá»« Ä‘áº§u hÆ°á»›ng chá»§_yáº¿u lÃ  nÆ°á»›c uá»‘ng_váº­y nÃªn phong_cÃ¡ch trang_trÃ­ cÅ©ng Ä‘áº­m cháº¥t nháº­t coi Ä‘Ã£ máº¯t vÃ  Ä‘Ã¡ng yÃªu cá»±c_ká»³ tá»› gá»i trÃ  hoa qá»§a tháº¥y hÆ¡i ngá»t chÃºt cÃ²n bÃ¡nh toast chocolate thÆ¡m vÃ  ngon cá»±c_ká»³ nhÃ© cÃ¡c mÃ³n khÃ¡c toy chÆ°a thá»­ nhÆ°ng tháº¥y máº¥y Ä‘á»©a báº¡n cÅ©ng khen khÃ¡ á»•n Ä‘Ã³ giÃ¡ tÆ°Æ¡ng_Ä‘Æ°Æ¡ng vá»›i máº·t_báº±ng chung mÃ  view láº¡i siÃªu Ä‘áº¹p nÃªn sáº½ quay láº¡i dÃ i_dÃ i,1,1,1,0,0,1,0
69,quÃ¡n nhá» xinh náº±m ngay gÃ³c Ä‘Æ°á»ng trÆ°á»ng_chinh phÆ°á»ng mÃ¬nh ngá»“i ngoÃ i cho thoÃ¡ng vÃ¬ trong nhÃ _hÆ¡i tá»‘i menu cá»§a quÃ¡n cÅ©ng chá»‰ gá»“m nhá»¯ng mÃ³n mÃ¬nh gá»i sá»¯a Ä‘Ã¡_chanh espreco cÃ _phÃª sá»¯a Ä‘Ã¡ sá»¯a Ä‘Ã¡_chanh khÃ¡ á»•n cÃ _phÃª sá»¯a Ä‘Ã¡ hÆ¡i Ä‘áº¯ng nhÆ°ng mÃ¬nh tháº¥y trong quÃ¡n cÃ³ mÃ¡y rang xay cÃ _phÃª luÃ´n nÃªn cháº¯c Ä‘Ã¢y lÃ  cÃ _phÃª nguyÃªn_cháº¥t giÃ¡_cáº£ khÃ¡ há»£p_lÃ­ tá»« giÃ¡_cáº£ Ä‘áº¿n giÃ¡_cáº£ phá»¥c_vá»¥ nhanh_nháº¹n dá»…_thÆ°Æ¡ng,0,1,1,0,1,0,
70,váº«n lÃ  mÃ¬nh cÃ¹ng vá»›i nhá»¯ng ly sá»¯a_chua náº¿p_cáº©m quÃ¡n ngá»“i ngoÃ i cÃ³ muá»—i nhÆ°ng ráº» hÆ¡n ngá»“i trong chÃºt vá»›i cáº£ thoÃ¡ng hÆ¡n ná»¯a tÃ³m láº¡i máº¥y cháº¿ cá»© ghÃ© quÃ¡n trÃªn láº§u cÃ³ phÃ²ng chÆ¡i cho cáº£ tráº»_em,0,1,0,0,1,1,0
71,khÃ´ng_gian Ä‘áº¹p Ä‘á»“ uá»‘ng ngon phá»¥c_vá»¥ táº­n_tÃ¬nh chu_Ä‘Ã¡o tá»« khi vÃ´ Ä‘áº¿n láº¥y xe ra vá» giÃ¡_cáº£ so vá»›i cháº¥t_lÆ°á»£ng thÃ¬ á»•n ráº¥t hÃ i_lÃ²ng,0,1,1,1,0,0,0
72,cÅ©ng Ä‘i thá»­ efoc nhÆ°_ai Ä‘áº¿n ngay hÃ´m Ä‘áº§u quÃ¡n khai_trÆ°Æ¡ng nÃªn Ä‘Ã´ng láº¯m luÃ´n nhÆ°ng phá»¥c_vá»¥ cÅ©ng nhanh khÃ´ng pháº£i ngá»“i Ä‘á»£i lÃ¢u láº¯m Ä‘á»“ uá»‘ng quÃ¡n pha_cháº¿ á»•n cafe thÆ¡m yogurt thÃ¬ ngá»t dá»‹u chá»© khÃ´ng bá»‹ ngá»t khÃ© máº¥y loáº¡i trÃ  thÃ¬ uá»‘ng man_mÃ¡t thÃªm miáº¿ng Ä‘Ã o hoáº·c máº¥y qá»§a váº£i nÃªn mÃ¬nh cÅ©ng khÃ¡ Æ°ng loáº¡i cokies uá»‘ng ngon vÃ  mÃ¬nh tháº¥y Æ°ng loáº¡i nÃ y nháº¥t giÃ¡_cáº£ thÃ¬ dao_Ä‘á»™ng tá»« giÃ¡_cáº£ tuá»³ tá»«ng loáº¡i vÃ  tuá»³ theo size khÃ´ng_gian quÃ¡n táº§ng thÃ¬ hÆ¡i háº¹p nhÆ°ng lÃªn trÃªn táº§ng thÃ¬ láº¡i khÃ¡ rá»™ng_rÃ£i thoÃ¡ng mÃ¡t mÃ  trang_trÃ­ láº¡i cÃ²n báº¯t_máº¯t cháº¯c_cháº¯n sáº½ quay láº¡i quÃ¡n nhá»¯ng láº§n sau,0,1,1,1,0,1,0
73,lÃ¢u_lÃ¢u láº¡i quay láº¡i quÃ¡n hÃ´m_nay mÃ¬nh chá»n nÆ°á»›c uá»‘ng trÃ¢n_chÃ¢u Ä‘en vá»›i má»™t Ä‘Ä©a bÃ¡nh ngá»t Ä‘á»“ uá»‘ng khÃ¡ ngon khÃ´ng bá»‹ ngá»t khÃ© cá»• giá»‘ng nhá»¯ng quÃ¡n khÃ¡c lá»›p kem máº·n máº·n ngáº­y ngáº­y Äƒn_khÃ´ng bá»‹ ngÃ¡n cÆ¡_mÃ  trÃ¢n chÃ¢n quÃ¡n lÃ m hÆ¡i bá»‹ dÃ­nh khÃ´ng Ä‘Æ°á»£c tÃ¡ch rá»i ra nÃªn pháº£i láº¥y thÃ¬a Ä‘á»ƒ xÃºc Äƒn bÃ¡nh lÃ m ngon má»m vá»‹ sÃ´cla vá»›i hÃ¬nh_nhÆ° má»™t lá»›p kem láº¡nh phá»§ lÃªn trÃªn Äƒn cÅ©ng khÃ¡ há»£p miá»‡ng khÃ´ng_gian quÃ¡n váº«n Ä‘Æ°á»£c cho Ä‘iá»ƒm cá»™ng khÃ¡ rá»™ng_rÃ£i sÃ¡ng_sá»§a trang_trÃ­ láº¡i báº¯t_máº¯t nÃªn tha_há»“ check in sáº½ quay láº¡i quÃ¡n,1,1,0,0,0,1,0
74,mÃ¬nh láº¡i ghÃ© quÃ¡n vÃ o ngÃ y ráº£nh_rá»—i quÃ¡n hoÃ n_toÃ n chinh_phá»¥c mÃ¬nh vÃ  báº¡n á»Ÿ má»i khÃ­a_cáº¡nh nhÃ  vá»‡_sinh sáº¡ch cá»±c hiáº¿m cÃ³ quÃ¡n cafe nÃ o Ä‘Æ°á»£c nhÆ°_váº­y láº¯m cÃ²n nÆ°á»›c thÃ¬ sau láº§n mÃ¬nh tháº¥y nÃªn uá»‘ng trÃ  á»Ÿ Ä‘Ã¢y vÃ¬ trÃ  pha thanh nháº¹ khÃ´ng ngá»t gáº¯t cÃ²n whiping thÃ¬ hÆ¡i bá»‹ ngá»t khÃ´ng_gian rá»™ng láº¡i nhiá»u sofa dá»n_dáº¹p gá»n_gÃ ng pháº§n ngoÃ i phÃ²ng láº¡nh trÃªn láº§u Ä‘ang Ä‘Æ°á»£c tu_sá»­a,0,1,0,0,1,1,1
75,ghÃ© qua vÅ©ng_tÃ u kiáº¿m ly cÃ _phÃª Ä‘á»ƒ tá»‰nh_tÃ¡o cháº¡y vá» xÃ¬ gÃ²n tháº¥y trÃªn fody quÃ¡n Ä‘Æ°á»£c Ä‘iá»ƒm_cao nÃªn quáº¹o lá»±a ly cÃ _phÃª tá»‰nh_tÃ¡o cÃ _phÃª ngon váº­y thÃ´i Ä‘Ã³,0,1,0,0,0,0,0
76,láº§n Ä‘áº§u Ä‘i chÆ¡i ghÃ© Ä‘Ã¢y cafe siÃªu sang cháº£nh luÃ´n nhÃ¬n Ä‘áº¹p láº¯m má»—i chá»— ngá»“i táº§m ngÆ°á»i kiá»ƒu sofa trÃ²n rá»“i cÃ³ mÃ n che báº±ng háº¡t láº¥p_lÃ¡nh ná»¯a buá»•i tá»‘i mÃ  rá»§ mÃ n xuá»‘ng cháº¯c sang dá»¯ láº¯m Ã¨ khÃ´ng_gian cafe khÃ´ng chá»‰ trong nhÃ  mÃ  bÃªn ngoÃ i sÃ¢n vÆ°á»n cÅ©ng sang cháº£nh khÃ´ng kÃ©m cÃ³ dá»‹p sáº½ quay láº¡i hÃ´m ghÃ© khÃ´ng cÃ³ chÆ°Æ¡ng_trÃ¬nh gÃ¬ háº¥p_dáº«n ngoÃ i giÃ¡ nÆ°á»›c ráº» nghe nÃ³i cÃ³ bufet bÃ¡nh ngá»t ná»¯a mÃ  bá»¯a Ä‘i khÃ´ng cÃ³ diá»…n ra vá»›i Ä‘i trong ngÃ y khu dejavu nÃ y chÆ°a cÃ³ chá»— cho khÃ¡ch nghá»‰ láº¡i,1,1,1,0,0,1,0
77,nay Ä‘á»‹a_chá»‰ nÃ y Ä‘á»•i thÃ nh cafe hoa sá»¯a rá»“i áº¡ khÃ´ng_gian thoáº£i_mÃ¡i ngá»“i trao_Ä‘á»•i cÃ´ng_viá»‡c thá»©c uá»‘ng ngon giÃ¡_cáº£ há»£p_lÃ½ cao hÆ¡n quÃ¡n_cÃ³c Ä‘ mÃ³n,0,1,1,0,0,1,0
78,Ä‘Æ°á»£c hÃ´m cuá»‘i tuáº§n rÃ£nh nÃªn rá»§ vÃ i Ä‘á»©a báº¡n cháº¡y xuá»‘ng trÃ  vinh chÆ¡i nghe nÃ³i cÃ³ khu deja vu khÃ¡ ná»•i_tiáº¿ng nÃªn cÅ©ng Ä‘i thá»­ cho biáº¿t vá»›i ngÆ°á»i_ta vÃ o Ä‘Ã¢y mÃ¬nh gá»i ly cÃ _phÃª sá»©a ly yaourt phÃºc_bá»“n tá»­ vÃ  ly chocolate Ä‘Ã¡ xÃ¢y theo mÃ¬nh cáº£m_nháº­n thÃ¬ nÆ°á»›c uá»‘ng cá»§a quÃ¡n khÃ¡ lÃ  ngon vÃ  vá»«a_miá»‡ng cÃ _phÃª pha phin Ä‘á»ƒ sá»¯a vá»«a pháº£i uá»‘ng ráº¥t á»•n yaourt phÃºc_bá»“n tá»­ ráº¥t thÆ¡m quÃ¡n cá»±c_ká»³ sang_trá»ng vÃ  Ä‘áº¹p giÃ¡_cáº£ á»•n khÃ´ng Ä‘áº¯t láº¯m nhÃ¢n_viÃªn thÃ¢n_thiá»‡n nhiá»‡t_tÃ¬nh,0,1,1,1,0,1,0
79,thÃªm quÃ¡n má»›i má»Ÿ Ä‘i hÃ´m táº¿t nÃªn Ä‘á»“ uá»‘ng vá»›i Ä‘á»“ Äƒn Ä‘á»u tÄƒng_giÃ¡ nhÆ°ng tÄƒng Ã­t thÃ´i giÃ¡ cáº£ bÃ¡nh á»Ÿ Ä‘Ã¢y chá»‰ cÃ³ má»—i loáº¡i tiramisu mÃ¬nh Ä‘i ngÆ°á»i mÃ  quÃ¡n chá»‰ cÃ²n cÃ³ má»—i cÃ¡i bÃ¡nh pháº£i chia nhau Ä‘á»“ uá»‘ng cá»§a quÃ¡n khÃ¡ á»•n cÆ¡_mÃ  hÆ¡i bá»‹ Ã­t nÆ°á»›c uá»‘ng cÃ³ má»—i ná»­a lá» hÃºt má»—i cÃ¡i lÃ  háº¿t áº¥y quÃ¡n Ä‘á»‘i_diá»‡n chá»— láº©u nÆ°á»›ng nÃªn náº¿u ngá»“i bÃªn ngoÃ i thÃ¬ toÃ n pháº£i ngá»­i mÃ¹i khÃ³i ngá»“i bÃªn trong thÃ¬ vá»«a nÃ³ng vá»«a bÃ­ Ä‘á»_nghá»‹ quÃ¡n cho thÃªm tÃ­ Ä‘iá»u_hoÃ ,1,1,1,0,1,1,0
80,chá»— nÃ y pháº£i nÃ³i trÃ  sá»¯a quÃ¡ tuyá»‡t_vá»i láº¡i cÃ³ thÃªm vÃ¡ng sá»¯a vá»«a bÃ©o vá»«a thÆ¡m cÃ³ nhiá»u mÃ³n phong_phÃº Ä‘áº·c_biá»‡t cÃ³ nhiá»u loáº¡i trÃ  láº¡ minh thich nhat la trÃ  cá» hoÃ ng_gia giÃ¡ má»m vÃ  cÃ³ khÃ´ng_gian cá»±c col cháº¯c_cháº¯n minh sáº½ ghÃ© quÃ¡n thÆ°á»ng_xuyÃªn,0,1,1,0,0,1,0
81,vá»‹_trÃ­ trung_tÃ¢m lagi khÃ´ng_gian thoÃ¡ng rá»™ng trang_trÃ­ Ã¡nh_sÃ¡ng lÃ  chá»§_yáº¿u cháº¥t luá»£ng Ä‘á»“ uá»‘ng cÅ©ng ngon giÃ¡_cáº£ má»m lÃ¢u rá»“i má»›i tháº¥y cÃ¡i menu vá»›i con_sá»‘ nhÆ°_váº­y á»Ÿ quÃ¡n cafe cÃ³ khÃ´ng_gian nhÆ°_váº­y háº§u_nhÆ° lÃ  duá»›i giÃ¡_cáº£ cho Ä‘iá»ƒm phá»¥c_vá»¥ hÆ¡i lÃ¢u,0,0,1,1,0,1,0
82,láº§n Ä‘áº§u uá»‘ng mocha cáº£m_nháº­n lÃ  tháº­t nháº¡t_nháº½o uá»‘ng thá»­ cho biáº¿t chá»© sau_nÃ y xin thÃ´i áº¡ khÃ´ng_gian khÃ¡ á»•n nhÆ°ng khÃ´ng cÃ³ nháº¡c nháº½o gÃ¬ ngá»“i khÃ´ng cÃ³ cáº£m_giÃ¡c hÆ¡i tÃ¹ tÃ¹ Ä‘á»“ uá»‘ng báº¡n t háº§u_háº¿t uá»‘ng smothie thÃ¬ á»•n chá»‰ mÃ¬nh mÃ¬nh chÃ¡n cÃ³ cÃ¡i gÃ³i hÆ°á»›ng_dÆ°Æ¡ng ghi trong thá»±c_Ä‘Æ¡n lÃ  giÃ¡_cáº£ mÃ  thanh_toÃ¡n giÃ¡_cáº£ áº¡ chá»‹ thu_ngÃ¢n thÃ¬ báº£o lÃ  cÃ¡c nhÃ¢n_viÃªn khi khÃ¡ch gá»i Ä‘á»u thÃ´ng_bÃ¡o nhÆ°ng t cÃ³ tháº¥y nÃ³i gÃ¬ Ä‘Ã¢u may mÃ  chá»‰ gá»i gÃ³i,1,1,1,1,1,1,0
83,quÃ¡n dá»… tÃ¬m Ä‘i qua cáº§u má»›i ráº½ xuá»‘ng lÃ  tháº¥y ngay táº¡i nguyá»…n_du quÃ¡n cÃ³ phong_cÃ¡ch Ä‘á»™c Ä‘áº¹p vÃ  láº¡ Ä‘á»“ Äƒn ngon phÃ¹_há»£p tÃºi_tiá»n sinh_viÃªn há»c_sinh Ä‘á»“ng uá»‘ng thÃ¬ mÃ¬nh tháº¥y cÅ©ng Ä‘Æ°á»£c cÃ¡i lÃ  uá»‘ng ngon hÆ¡n cÃ¡c quÃ¡n khÃ¡c mÃ¬nh uá»‘ng má»™t_chÃºt nhÃ¢n_viÃªn phá»¥c_vá»¥ nhanh_nháº¹n nhiá»‡t_tÃ¬nh cá»Ÿi_má»Ÿ hoÃ _Ä‘á»“ng vÃ  chu_Ä‘Ã¡o vá»›i khÃ¡ch Ä‘Æ°á»£c cÃ¡i em pha_cháº¿ ráº¥t Ä‘áº¹p_trai vÃ  hiá»n_lÃ nh chá»§ quÃ¡n vui_tÃ­nh khÃ¡ch gÃ³p_Ã½ cÃ¡i gÃ¬ lÃ  tiáº¿p_thu luÃ´n nÃ³i_chung lÃ  ai lÃªn láº¡ng sÆ¡n lÃªn ghÃ© vÃ o má»™t láº§n Ä‘á»ƒ cho biáº¿t,1,1,1,1,0,1,0
84,quÃ¡n nÃ y ná»•i_tiáº¿ng xÆ°a giá» á»Ÿ phan_rang rá»“i nÃ¨ khÃ´ng_gian Ä‘Æ°á»£c cÃ¡i rá»™ng_rÃ£i mÃ¡t_máº» láº¯m ráº¥t thoÃ¡ng vÃ  cÃ³ nhiá»u cÃ¢y_xanh quÃ¡n thÆ°á»ng Ä‘Ã´ng vÃ o nhÃ y nghá»‰ cÃ²n nhá»¯ng ngÃ y thÆ°á»ng thÃ¬ khÃ´ng Ä‘Ã´ng láº¯m Ä‘Ã¢u ngoÃ i nhá»¯ng khÃ´ng_gian sÃ¢n vÆ°á»n thÃ¬ cÃ²n cÃ³ phÃ²ng láº¡nh ná»¯a tuy_nhiÃªn phÃ²ng láº¡nh thÃ¬ hÆ¡i cháº­t Ä‘Ã³ dÃ¹ khÃ´ng_gian rá»™ng nhÆ°ng khÃ´ng cÃ³ bÃ n cho nhÃ³m trÃªn ngÆ°á»i Ä‘Ã¢u nha quÃ¡n cÃ³ bÃ£i Ä‘áº­u xe Ã´_tÃ´ nha á»Ÿ Ä‘Ã¢y chá»‰ cÃ³ cafe vÃ  cÃ¡c loáº¡i nÆ°á»›c cÆ¡_báº£n thÃ´i Ã  cÃ²n khÃ´ng cÃ³ cÃ¡c loáº¡i nÆ°á»›c pha_cháº¿ cáº§u_kÃ¬ Ä‘Ã¢u nha quÃ¡n phá»¥c_vá»¥ cho lá»©a tuá»•i lá»›n chá»¯ng_cháº¡c nÃªn nháº¡c chá»‰ cÃ³ nháº¡c_nháº¹ thÃ´i ráº¥t thoáº£i_mÃ¡i,0,1,0,0,1,1,0
85,láº§n thá»© Ä‘áº¿n Ä‘Ã¢y sau hÆ¡n nÄƒm tháº¥y báº¥t_ngá» vÃ¬ sá»± tiáº¿n_bá»™ cá»§a quÃ¡n tá»« bÃ i_trÃ­ cho Ä‘áº¿n cháº¥t_lÆ°á»£ng Ä‘á»“ uá»‘ng trang_trÃ­ Ä‘áº¹p khÃ´ng_gian khÃ¡ rá»™ng giá» cao_Ä‘iá»ƒm Ä‘i qua tháº¥y luÃ´n Ä‘Ã´ng khÃ¡ch mÃ¬nh gá»i nÆ°á»›c uá»‘ng viá»‡t_quáº¥t vÃ  nÆ°á»›c uá»‘ng thÆ¡m ngon nhÆ°ng hÆ¡i ngá»t giÃ¡_cáº£ ráº» hÆ¡n chÃºt so vá»›i máº·t_báº±ng chung cÃ¡c quÃ¡n cafe cÃ³ cÃ´ táº§m trung tuá»•i khÃ´ng biáº¿t cÃ³ pháº£i chá»§ khÃ´ng siÃªu dá»…_chá»‹u niá»m_ná»Ÿ nhiá»‡t_tÃ¬nh thÃ­ch ghÃª cÃ²n máº¥y báº¡n nhÃ¢n_viÃªn nam thÃ¬ cÅ©ng táº¡m á»•n tuy_nhiÃªn hÃ´m mÃ¬nh Ä‘áº¿n lÃ  buá»•i sÃ¡ng chÆ°a cÃ³ khÃ¡ch mÃ¬nh chá»n ngá»“i táº§ng cÃ´ báº£o báº¡n nam lÃ  báº¡n dáº«n khÃ¡ch lÃªn táº§ng rá»“i báº­t quáº¡t chuáº©n_bá»‹ cÃ¡c thá»© Ä‘i nh mÃ  cháº£ báº¡n nÃ o lÃªn cÅ©ng may cÃ´ng_táº¯c quáº¡t lÃ¹_lÃ¹ hiá»‡n ra nÃªn mÃ¬nh tá»±_tÃºc á»•n ngoÃ i ra quÃ¡n cÃ²n cÃ³ hay phÃ²ng xem phim vÃ  phÃ²ng káº¿t_há»£p xem phim vÃ  karaoke cÃ¡ch_Ã¢m khÃ´ng tá»‘t láº¯m xem phim mÃ  nghe tiáº¿ng karaoke váº«n rÃµ phÃ²ng xem phim bá»‘_trÃ­ khÃ´ng há»£p_lÃ­ láº¯m xem phim xong mÃ  má»i cá»• nhÆ° xem phim táº¡i ráº¡p mÃ  ngá»“i hÃ ng gháº¿ Ä‘áº§u_tiÃªn váº­y Ä‘iá»ƒm cá»™ng lÃ  phim thÃ¬ cÅ©ng update cÃ¡c phim má»›i nháº¥t cÃ³_thá»ƒ xem thÃªm,1,1,0,1,1,1,0
86,trÆ°á»›c thÃ­ch uá»‘ng joy láº¯m mÃ  ngáº¡i vÃ´ quÃ¡n vÃ¬ khÃ¡ cháº­t_chá»™i giá» cao_Ä‘iá»ƒm khÃ´ng cÃ³ cáº£ chá»— ngá»“i thÃ¨m uá»‘ng thÃ¬ chá»‰ mua vá» thÃ´i giá» joy má»Ÿ thÃªm chi_nhÃ¡nh á»Ÿ tráº§n_hÆ°ng Ä‘áº¡o quÃ¡n rá»™ng_rÃ£i thoÃ¡ng mÃ¡t view Ä‘áº¹p thÃ­ch_há»£p Ä‘á»ƒ tá»¥_há»p sáº½ ghÃ© joy thÆ°á»ng_xuyÃªn,0,0,0,0,0,1,0
87,cofe bean má»›i Ä‘Æ°a vÃ o kiá»ƒu trÃ  sá»¯a in hÃ¬nh báº¯t má»‘t ghÃª_gá»›m báº¡n chá»n vá»‹ trÃ  báº¥t_ká»³ vÃ  thÃªm toping kem máº·n hoáº·c kem chese lÃ  Ä‘á»u cÃ³_thá»ƒ in hÃ¬nh Ä‘á»ƒ in hÃ¬nh nÃªn lá»›p kem dÃ y hÆ¡n mÃ¬nh tháº¥y hÆ¡i ngÃ¡n Ã  hÃ¬nh_nhÆ° in hÃ¬nh lÃªn trÃ  sá»¯a máº¥t phÃ­ nhÃ© mÃ¬nh tháº¥y Ä‘áº¯t hÆ¡n má»i khi uá»‘ng Ã  hÃ´m mÃ¬nh Ä‘áº¿n thÃ¬ bÃªn mÃ¡y_in bá»‹ há»ng nÃªn mÃ u má»›i khÃ´ng Ä‘Æ°á»£c Ä‘áº¹p lÃ  Ä‘á»§ mÃ u_sáº¯c nha hÃ´m_nay má»›i thá»­ piza cá»§a quÃ¡n Ä‘áº¿ bÃ¡nh giÃ²n má»ng vá»‹ táº¡m á»•n giÃ¡_cáº£ cho size m cÃ³ miáº¿ng nhÃ©,1,1,1,0,0,0,0
88,quÃ¡n nÃ y ráº¥t phÃ¹_há»£p cho há»c_sinh sinh_viÃªn khÃ´ng_gian Ä‘Æ¡n_giáº£n thoÃ¡ng mÃ¡t quÃ¡n ban_ngÃ y khÃ¡ váº¯ng vÃ  yÃªn_tÄ©nh buá»•i tá»‘i chÆ°a ra nÃªn chÆ°a biáº¿t gáº§n trÆ°á»ng nguyá»…n_huá»‡ khÃ¡ dá»… tÃ¬m nhÃ¢n_viÃªn thÃ¢n_thiá»‡n dá»… gáº§n thoáº£i_mÃ¡i Ä‘á»“ uá»‘ng giÃ¡ má»m giÃ¡_cáº£ Ä‘á»“ Äƒn cho ten khÃ¡ phong_phÃº giÃ¡ cÅ©ng ráº» mÃ¬nh gá»i báº¡c sá»‰u vá»‹ khÃ¡ há»£p_Ã½ mÃ¬nh nc náº¿u Ä‘á»ƒ mÃ¬nh ngá»“i thÃ¬ cáº¯m tá»« sÃ¡ng tá»›i tá»‘i á»Ÿ Ä‘Ã¢y cÅ©ng Ä‘c,1,1,1,1,0,1,0
89,áº§n Ä‘áº§u_tiÃªn Ä‘áº¿n nhÃ¢n_viÃªn ráº¥t lá»‹ch_sá»± vÃ o thÃ¬ khÃ´ng_gian ráº¥t thoÃ¡ng vÃ  Ä‘áº¹p Ä‘á»“ uá»‘ng pháº£i_chÄƒng mÃ  cÅ©ng ngon Ä‘iá»ƒm nhÃ©,0,1,0,1,0,1,0
90,chá» báº¡n nÃªn ghÃ© vÃ o highlands ngá»c_khÃ¡nh láº§n Ä‘áº§u khÃ´ng_gian quÃ¡n khÃ¡ sang cáº£m_giÃ¡c áº¥m_cÃºng ná»¯a list nháº¡c hay cÃ¡c báº¡n áº¡ ngá»“i cáº£ buá»•i nghe toÃ n bÃ i mÃ¬nh thÃ­ch thui Ä‘á»“ uá»‘ng thÃ¬ cÅ©ng nhÆ° cÃ¡c quÃ¡n khÃ¡c cÃ¹ng há»‡_thá»‘ng váº«n ngon nÆ°á»›c uá»‘ng miá»…n phÃ­ze uá»‘ng vÃ o láº¯m cÃ³ tháº¡ch to nhÆ°ng giÃ²n giÃ²n Äƒn bao phÃª lá»›p kem á»Ÿ trÃªn bÃ©o nhiá»u ngÆ°á»i báº£o bÃ©o nhÆ°ng mÃ  mÃ¬nh Äƒn há»£p láº¡i tháº¥y ngon cá»±c áº¡ quÃ¡n cÃ³ cáº£ bÃ¡nh_mÃ¬ vÃ  bÃ¡nh ngá»t ná»¯a nhÆ°ng chÆ°a thá»­ lÆ°á»£ng khÃ¡ch á»Ÿ Ä‘Ã¢y mÃ¬nh tháº¥y á»•n khÃ´ng Ä‘Ã´ng láº¯m cá»© bÃ¬nh bÃ¬nh thÃ´i mÃ¬nh ngá»“i hÃ´m_nay tháº¥y nhiá»u ngÆ°á»i lÃ m vÄƒn_phÃ²ng hÆ¡n lÃ  sinh_viÃªn nhÆ° mÃ¬nh giÃ¡_cáº£ trung_bÃ¬nh phÃ¹_há»£p vá»›i cháº¥t_lÆ°á»£ng Ä‘á»“ uá»‘ng vá»‹_trÃ­ náº±m trÃªn Ä‘Æ°á»ng ngá»c_khÃ¡nh Ä‘oáº¡n gáº§n giáº£ng vÃµ_dÆ°á»›i chÃ¢n toÃ  rose garden gá»­i xe á»Ÿ khe háº¹p cáº¡nh quÃ¡n khÃ´ng máº¥t phÃ­ nhÃ¢n_viÃªn lá»‹ch_sá»± xem thÃªm,1,1,1,1,1,1,0
91,quÃ¡n nhá» náº±m trÃªn Ä‘Æ°á»ng thÃ¡i hÃ  khÃ¡ dá»… tÃ¬m nhÃ© khÃ´ng_gian thÃ¬ tuyá»‡t_vá»i luÃ´n Ã¡nh_sÃ¡ng rá»±c_rá»¡ chá»¥p áº£nh sá»‘ng áº£o xá»‹n láº¯m má»—i_tá»™i quÃ¡n khÃ¡ nhá» khÃ´ng thÃ­ch_há»£p Ä‘i nhÃ³m láº¯m bÃ¡nh vÃ  nÆ°á»›c á»Ÿ Ä‘Ã¢y cÅ©ng ngon láº¯m tá»› gá»i bÃ¡nh milo vÃ  thai nÆ°á»›c uá»‘ng thÃ­ch bÃ¡nh_thai hÆ¡n vÃ¬ nÃ³ ngon vÃ  sá»‘t tuyá»‡t láº¯m Ã½ cÃ²n bÃ¡nh milo thÃ¬ cá»‘t bÃ¡nh hÆ¡i khÃ´ Ä‘Æ°á»£c cÃ¡i sá»‘t cá»©u_vá»›t tÃ¬nh_hÃ¬nh trÃ  tháº£o_má»™c uá»‘ng há»£p vá»›i bÃ¡nh láº¯m lÃ m mÃ¬nh Ä‘á»¡ ngáº¥y háº³n giÃ¡ bÃ¡nh vá»›i nÆ°á»›c thÃ¬ hÆ¡i Ä‘áº¯t vá»›i mÃ¬nh thÃ´i nhÆ°ng Ä‘i hai ba ngÆ°á»i chia ra lÃ  á»•n slice mÃ  to láº¯m Ã½ bá»n mÃ¬nh Ä‘i ba ngÆ°á»i mÃ  pháº£i Ä‘Æ°a_Ä‘áº©y mÃ£i má»›i xong háº¿t hai slice bÃ¡nh Ã½ mÃ¬nh chÆ°a thá»­ thÃªm cÃ¡c vá»‹ khÃ¡c nhÆ°ng cháº¥t_lÆ°á»£ng Ä‘Ãºng lÃ  ráº¥t tá»‘t mÃ  mÃ¬nh thÃ­ch trÃ  dÃ¢u láº¯m vá»‹ chua chua nguyÃªn_cháº¥t cá»±c_ká»³ Ã½ chá»© khÃ´ng bá»‹ ngá»t hoÃ¡_há»c Ä‘Ã¢u áº¡ vá»›i má»™t Ä‘á»©a cuá»“ng dÃ¢u_tÃ¢y nhÆ° mÃ¬nh thÃ¬ Ä‘iá»ƒm cho cháº¥t_lÆ°á»£ng luÃ´n Äƒn kÃ¨m vá»›i bÃ¡nh cá»±c há»£p nÃ³i_chung lÃ  Ä‘Ã¡ng thá»­ láº¯m xem thÃªm,1,1,1,0,0,1,0
92,four of went here the place was nice and very intimate that time great ambiance and nÆ°á»›c uá»‘ng s staf is friendly and knows their boze batenders are hapy to guide you to the best nÆ°á»›c uá»‘ng for your palate the experience was nice and would love to make another visit ğŸ‰ ï¸ lá»u cofe lá»u bar nd no ta hien,0,0,0,0,0,0,0
93,we had a wonderful time here came around am on a friday night when we got there the manager was a friendly and funy the batender is so col and beautiful we love ber hanoi and ber saigon manager is so cute and col ï¸ lá»u cofe lá»u bar nd no táº¡ hiá»‡n str,0,0,0,0,0,0,0
94,view Ä‘áº¹p Ä‘áº¿n Ä‘Ã¢y mÃ¬nh chá»‰ thÃ­ch ngá»“i táº§ng chá»— cá»­a_sá»• nhÃ¬n tháº³ng ra há»“ mÃ¬nh cÃ³_thá»ƒ ngÃ´Ã¬ nhÃ¬n ngÆ°á»i_ngoÃ i Ä‘Æ°á»ng cáº£ ngÃ y nhÆ°ng ngá»“i lÃ¢u vÃ´_duyÃªn láº¯m hÃ´m nÃ o Ä‘áº¿n cÃ³ khÃ¡ch Ä‘ang ngá»“i cÅ©ng chá» há» Ä‘i rá»“i mÃ¬nh vÃ o Ã½_tÆ°á»Ÿng hay bÆ°á»›c vÃ o quÃ¡n sáº½ nhÃ¬n tháº¥y ngay trÃªn tÆ°á»ng gháº¿ bÃ n nhá»¯ng gÃ¬ cÃ³ máº·t_pháº³ng lÃ  chi_chÃ­t giáº¥y note cá»§a khÃ¡ch dÃ¡n vÃ o ngá»“i Ä‘á»c tháº¥y buá»“n_cÆ°á»i pháº¿t Ä‘á»“ uá»‘ng khÃ´ng cÃ³ gÃ¬ Ä‘áº·c_sáº¯c vÃ¬ Ä‘á»‹a_Ä‘iá»ƒm Ä‘áº¹p nÃªn giÃ¡ Ä‘á»“ uá»‘ng hÆ¡i cao máº¥y báº¡n nhÃ¢n_viÃªn nhiá»‡t_tÃ¬nh vui_váº» nÃ³i_chuyá»‡n khÃ¡ vui tÃ³m láº¡i sáº½ cÃ²n Ä‘áº¿n Ä‘Ã¢y,0,1,1,1,0,1,0
95,khÃ´ng_gian quÃ¡n Ä‘áº¹p yÃªn_tÄ©nh vÃ¬ quÃ¡n khÃ´ng Ä‘Ã´ng khÃ¡ch nhÆ°ng mÃ¬nh thÃ­ch Ä‘iá»ƒm nÃ y Ä‘iá»ƒm trá»« lÃ  nhÃ¢n_viÃªn cáº§n nÃ¢ng cao ká»¹_thuáº­t pha_cháº¿ hÆ¡n cá»‘c trÃ  Ä‘en Ä‘Ã o cá»§a mÃ¬nh bá»‹ chua quÃ¡ cÃ²n cá»‘c trÃ  kem chese máº·n cá»§a báº¡n mÃ¬nh thÃ¬ láº¡i cho kem chese ngá»t,0,1,0,1,0,1,0
96,Äƒn bÃ¡nh phomai á»Ÿ Ä‘Ã¢y nhiá»u láº¯m rá»“i bÃ¢y_giá» má»›i rÃ¬ viu bÃ¡nh ngon vc vá» má»m ngá»t vá»«a_pháº£i nhÃ¢n phomai ngáº­y ngáº­y Ä‘á»ƒ bÃ¡nh láº¡nh chÃºt Äƒn ngon ná»¯a bÃ¡nh to giÃ¡_cáº£ thÃ¬ pháº£i hÆ¡i nhiá»u ruá»‘c trÃªn máº·t nÃªn hÆ¡i máº·n mÃ¬nh hay gá»i riÃªng bÃ¡nh khÃ´ng cÃ³ sá»‘t_ruá»‘c trÃªn máº·t Ã  cÃ²n bÃ¡nh_mÃ¬ hoa_cÃºc thÃ¬ mÃ¬nh khÃ´ng thÃ­ch láº¯m vÃ¬ so vá»›i kháº©u_vá»‹ cá»§a mÃ¬nh bÃ¡nh nháº¡t khÃ´ng Ä‘Æ°á»£c dai,1,0,1,0,0,0,0
97,quÃ¡n xinh khÃ´ng_gian xanh vÃ  cÅ©_ká»¹ ráº¥t nhiá»u gÃ³c Ä‘áº¹p Ä‘á»ƒ báº¡n chá»¥p áº£nh Ä‘á»“ uá»‘ng táº¡m á»•n thá»­ trÃ  xanh táº¯c khÃ´ng Æ°ng láº¯m,0,1,0,0,0,1,0
98,khÃ´ng_gian bÃªn ngoÃ i sÃ¢n thoÃ¡ng mÃ¡t bÃªn trong thÃ¬ theo tÃ´ng mÃ u tráº¯ng chá»§_Ä‘áº¡o Ä‘Æ¡n_giáº£n Ä‘á»“ uá»‘ng táº¡m nhÃ¢n_viÃªn phá»¥c_vá»¥ tá»‘t,0,1,0,1,0,1,0
99,quÃ¡n nÃ y cÅ©ng sang cháº£nh láº¯m nÃ¨ láº¡i náº±m ngay tuyáº¿n Ä‘Æ°á»ng trung_tÃ¢m Ä‘áº¯c_Ä‘á»‹a báº­c nháº¥t cáº§n_thÆ¡ ná»¯a quÃ¡n cÃ³ nhiá»u khÃ´ng_gian nhÆ°ng mÃ¬nh thÃ­ch ngá»“i trong phÃ²ng láº¡nh Ä‘á»ƒ lÃ m_viá»‡c hÆ¡n lÃ  ngá»“i ngoÃ i sÃ¢n vÆ°á»n trÃªn Ä‘Æ°á»ng vÃ o phÃ²ng láº¡nh cÃ³ máº¥y há»“ cÃ¡ ná»¯a mÃ´_phá»ng máº¥y tiá»ƒu_cáº£nh nhÃ¬n thoáº£i_mÃ¡i láº¯m nhÃ¢n_viÃªn lá»‹ch_sá»± nhanh_nháº¹n bÃ£i xe cÅ©ng cÃ³ ngÆ°á»i dáº¯t xe luÃ´n Ä‘á»“ uá»‘ng theo mÃ¬nh tháº¥y chá»‰ á»Ÿ má»©c khÃ¡ thÃ´i láº§n trÆ°á»›c thá»­ cÃ _phÃª rá»“i láº§n nÃ y uá»‘ng cÃ _phÃª sá»¯a cÅ©ng khÃ´ng Ä‘áº·c_biá»‡t láº¯m sá»¯a hÆ¡i Ã­t nÃªn cÃ²n khÃ¡ Ä‘áº¯ng ná»¯a,0,1,0,1,1,1,0
100,view Ä‘áº¹p trÃ  sá»¯a vá»‹ ngon vá»«a uá»‘ng khÃ´ng_gian thÃ­ch_há»£p cho há»p nhÃ³m há»p lá»›p sáº½ ghÃ© á»§ng_há»™ dÃ i_dÃ i,0,1,0,0,0,1,0
101,cuá»‘i tuáº§n chá»‰ muá»‘n mÃ¬nh Ä‘i trá»‘n Ä‘áº¿n nhá»¯ng nÆ¡i khÃ´ng xÃ´_bá»“ giá»¯a lÃ²ng_thÃ nh_phá»‘ nhÆ° váº§y quÃ¡n náº±n trá»‘n á»Ÿ nÆ¡i khÃ¡ yÃªn_tÄ©nh trang_trÃ­ kiá»ƒu vintage báº¯t_máº¯t nvien phá»¥c_vá»¥ cÆ° tÃª Ä‘Ã¡ng yÃªu mÃ¬nh Ä‘áº·t_hÃ ng ly chanh dÃ¢y thá»©c uá»‘ng Æ°a_thÃ­ch cáº£m_tháº¥y hÃ i_lÃ²ng giÃ¡_cáº£ Ä‘Ãºng vá»›i sá»‘_lÆ°á»£ng vÃ  cháº¥t_lÆ°á»£ng Ä‘iá»ƒm trá»« duy_nháº¥t lÃ  ly big zise quÃ¡ lÃ m mÃ¬nh pháº£i rÃ¡ng nÃ¡ thá»Ÿ uá»‘ng háº¿t khÃ´ng thÃ¬ bá» phÃ­ thay_vÃ¬ lÃ m lÆ°á»£ng vá»«a Ä‘á»§ Ä‘á»ƒ khÃ¡ch_hÃ ng cÃ³_thá»ƒ cáº£m Ä‘Æ°á»£c háº¿t Ä‘á»™ ngon cá»§a thá»©c uá»‘ng cÃ²n láº¡i thÃ¬ khÃ´ng cÃ³ vde gÃ¬ pháº£i phÃ n_nÃ n chÃª_trÃ¡ch quÃ¡n cÃ³ biá»ƒu_diá»…n acoutic nÃªn láº§n sau mÃ¬nh sáº½ cáº§m guitar Ä‘áº¿n trá»‘n Ä‘á»ƒ tháº£ thÃ­nh,0,1,1,1,1,1,0
102,trÃ  sá»¯a o cha yogust vá»‹ Ä‘Ã o ngon cá»±c phá»¥c_vá»¥ dá»…_thÆ°Æ¡ng cá»±c nha,0,1,0,1,0,0,0
103,Ä‘á»“ uá»‘ng mÃ¬nh gá»i trÃ  sá»¯a bo vÃ  trÃ  sá»¯a hai ngÄƒn trÃ  sá»¯a khÃ´ng ngá»t Ä‘áº­m vá»‹ trÃ  nhiá»u vá»‹ Ä‘áº¯ng trÃ¢n_chÃ¢u nhiá»u nÃ³i_chung khÃ´ng Ä‘áº·c_sáº¯c láº¯m bÃ¡nh kiá»ƒu kiá»ƒu na_nÃ¡ bÃ¡nh na_nÃ¡ bÃ¡nh bÃ¡nh Ã¡ khÃ´ng má»m mÆ°á»£t nÃ³i_chung lÃ  trÃ  sá»¯a thÆ°á»ng thÆ°á»ng khÃ´ng_gian khÃ´ng_gian quÃ¡ khÃ¡ á»•n rá»™ng_rÃ£i mÃ¡t_máº» mÃ¡y_láº¡nh cháº¡y vÃ¹ vÃ¹ thÃ­ch_há»£p mang lap ra há»c nhÃ³m hay lÃ m_viá»‡c nhÃ¢n_viÃªn giÃ¡_cáº£ hÆ¡i cao so vá»›i cháº¥t_lÆ°á»£ng Ä‘á»“ uá»‘ng nhÆ°ng bÃ¹ láº¡i pháº§n khÃ´ng_gian p_s khÃ´ng hiá»ƒu sao mÃ¬nh vá»›i hai Ä‘á»©a báº¡n uá»‘ng trÃ  sá»¯a xong há»“i cáº£m_tháº¥y chÃ³ng_máº·t khÃ³_chá»‹u báº¡n mÃ¬nh báº£o cháº¯c say trÃ  khÃ´ng biáº¿t thiá»‡t hay giá»¡n cÅ©ng cÃ³_thá»ƒ khÃ´ng pháº£i do trÃ  sá»¯a mÃ  do ba Ä‘á»©a khÃ´ng khoáº»,0,1,1,1,1,1,0
104,mÃ¬nh Ä‘áº¿n chese táº¡i sÆ° váº¡n háº¡nh khÃ¡ nhiá»u láº§n vÃ  mÃ¬nh chá»‰ uá»‘ng mÃ³n duy_nháº¥t blue on top nhÆ°ng láº§n gáº§n nháº¥t mÃ¬nh ghÃ© Ä‘áº¿n nhÃ¢n_viÃªn ord Ä‘á»u nÃ³i vá»›i mÃ¬nh cÃ¢u lÃ  blue on top háº¿t láº§n thá»© nhÃ¢n_viÃªn ord báº£o mÃ¬nh blue on top háº¿t_mÃ¬nh á»•n chuyá»ƒn sang trÃ  Ä‘Ã o vÃ  ngÆ°á»i tiáº¿p_theo thÃ¬ ord cÃ³ vÃ¬ Ä‘Ã£ in bil nÃªn mÃ¬nh cÅ©ng khÃ´ng muá»‘n lÃ m_khÃ³ lÃ m dá»… nhÃ¢n_viÃªn ord lÃ m gÃ¬ náº¿u thá»±c_sá»± háº¿t ngÆ°á»i sau mÃ¬nh ord láº¡i cÃ³ vÃ  ly trÃ  Ä‘Ã o mÃ¬nh uá»‘ng cÃ³ mÃ¹i Ä‘Ã o Ãºng vÃ  thá»±c_sá»± ráº¥t dá»Ÿ kiá»ƒu nhÆ° Ä‘Ã£ lÃ m sáºµn bá»‹ há»‘ rá»“i Ã©p khÃ¡ch_hÃ ng váº­y vÃ  sau khi Ä‘Ã£ cÃ³ ngÆ°á»i nháº­n ly trÃ  Ä‘Ã o Ä‘áº¥y thÃ¬ thoáº£i_mÃ¡i bÃ¡n láº¡i mÃ³n kia láº§n thá»© mÃ¬nh Ä‘áº¿n cÃ¹ng báº¡n mÃ¬nh ord blue on top vá»›i trÃ  dÆ°a lÆ°á»›i báº¡n cashier váº«n báº£o mÃ¬nh blue on top háº¿t thÃ¬ báº¥t_chá»£t báº¡n trong quáº§y quay sang báº£o báº¡n áº¥y á»§a blue váº«n cÃ²n mÃ  chá»‹ thÃ¬ báº¡n cashier nÃ y quay sang nhÄƒn vá»›i báº¡n Ä‘áº¥y báº¡n kia im mÃ¬nh khÃ´ng hiá»ƒu tÃ¬nh_hÃ¬nh lÃºc Ä‘áº¥y lÃ  gÃ¬ nhÆ°ng ly trÃ  dÆ°a lÆ°á»›i mang ra thá»±c_sá»± ráº¥t Ä‘áº¯ng chÃ¡t vÃ  ráº¥t ngá»t mÃ¬nh Ä‘áº¿n quÃ¡n ráº¥t nhiá»u láº§n nhÆ°ng láº§n gáº§n Ä‘Ã¢y thá»±c_sá»± ráº¥t tá»‡ mÃ¬nh pháº£i uá»‘ng nÆ°á»›c mÃ¬nh khÃ´ng thÃ­ch Ä‘Ã£ Ä‘Ã nh mÃ  pháº£i_chi nÆ°á»›c Ä‘áº¥y ngon cÅ©ng Ä‘á»¡ ngoÃ i cÃ¡i Ä‘áº¥y ra thÃ¬ nhÃ¢n_viÃªn Ä‘á»u ráº¥t thÃ¢n_thiá»‡n báº£o_vá»‡ dá»…_thÆ°Æ¡ng khÃ´ng_gian quÃ¡n ráº¥t tuyá»‡t,0,1,0,1,0,1,0
105,mÃ¬nh ghÃ© quÃ¡n vÃ o buá»•i tá»‘i quÃ¡n khÃ¡ Ä‘Ã´ng nhÆ°ng váº«n cÃ²n chá»— mÃ¬nh Ä‘i xe_mÃ¡y pháº£i gá»­i xe vÃ  nhÃ¢n_viÃªn báº£o_vá»‡ Ä‘em xe Ä‘i qua bÃ£i khÃ¡c gáº§n Ä‘Ã³ tÃ­ ná»¯a lÃºc vá» pháº£i Ä‘á»£i ngÆ°á»i_ta láº¥y xe vá» quÃ¡n bÃ y trÃ­ Ä‘áº¹p gá»“m táº§ng táº§ng trá»‡t vÃ  táº§ng trÃªn nhÆ°ng táº§ng khÃ¡ nÃ³ng nÃªn mÃ¬nh khÃ´ng ngá»“i quÃ¡n trang_trÃ­ khÃ¡ xinh nhÃ¬n vintage vÃ  thÃ­ch_há»£p chá»¥p choáº¹t sá»‘ng áº£o vá» mÃ³n Äƒn thÃ¬ quÃ¡n bÃ¡n cÃ¡c loáº¡i toast bingsu hay cÃ²n gá»i lÃ  kakigori vÃ  cÃ¡c loáº¡i nÆ°á»›c trÃ  sá»¯a mÃ¬nh Ä‘i ngÆ°á»i gá»i pháº§n toast phÃ´_mai pháº§n caramel bÃ¡nh kakigori li cokie Ä‘Ã¡ xay vÃ  li nÆ°á»›c uá»‘ng Ä‘Ã¡ xay tá»•ng_sá»‘ tiá»n cá»§a cháº§u nÃ y lÃ  gáº§n giÃ¡_cáº£ toast phÃ´_mai Ä‘Ã³ lÃ  toast máº·n phÃ´_mai Äƒn khÃ¡ ngon nhÆ°ng bÃ¡nh_mÃ¬ hÆ¡i khÃ³ cáº¯t cháº¥m bÃ¡nh_mÃ¬ vá»›i phÃ´_mai_Äƒn tuyá»‡t vÃ´_cÃ¹ng pháº§n kakigori thÃ¬ cÅ©ng ráº¥t ngon khÃ´ng quÃ¡ ngá»t nÃ³i_chung ngÆ°á»i_Äƒn pháº§n nÃ y thÃ¬ no ngáº¥t,1,1,1,0,1,1,0
